Workbook

Sheet Mentah
A1: company_name | B1: Customer OMS ID | C1: Admin_Email | D1: OMS Document Name | E1: document_name | F1: uploaded_file | G1: expired_date | H1: status | L1: Email | M1: OMS Customer ID
A2: Apotik Bahagia | B2: #N/A | C2: arie_4121mel@yahoo.com | D2: siup_nib | E2: document_siup | F2: /legal_documents/company/3921/document_siup.pdf | H2: pending | L2: svrizkyp007@gmail.com | M2: -
A3: Apotik Bahagia | B3: #N/A | C3: arie_4121mel@yahoo.com | D3: sipa | E3: document_sipa_sika_apoteker | F3: /legal_documents/company/3921/document_sipa_sika_apoteker.jpg | H3: pending | L3: farmasi@rsborromeus.com | M3: RS SANTO BORROMEUS -
A4: PKU MUHAMMADIYAH SRUWENG | B4: #N/A | C4: pkumuhsruweng1@gmail.com | D4: siup_nib | E4: document_siup | F4: /legal_documents/company/2745/document_siup.png | G4: 46024 | H4: pending | L4: logfar.grhabunda@gmail.com | M4: RSIA GRHA BUNDA -
A5: PKU MUHAMMADIYAH SRUWENG | B5: #N/A | C5: pkumuhsruweng1@gmail.com | D5: sipa | E5: document_sipa_sika_apoteker | F5: /legal_documents/company/2745/document_sipa_sika_apoteker.jpeg | G5: 46024 | H5: pending | L5: medika.antapani@gmail.com | M5: KLINIK UTAMA MEDIKA ANTAPANI -
A6: PKU MUHAMMADIYAH SRUWENG | B6: #N/A | C6: pkumuhsruweng1@gmail.com | D6: stra | E6: document_stra_apoteker | F6: /legal_documents/company/2745/document_stra_apoteker.jpeg | G6: 46024 | H6: pending | L6: nusafarma.apotek@gmail.com | M6: APOTEK NUSA FARMA -
A7: PKU MUHAMMADIYAH SRUWENG | B7: #N/A | C7: pkumuhsruweng1@gmail.com | D7: npwp_file | E7: document_npwp | F7: /legal_documents/company/2745/document_npwp.jpeg | H7: pending | L7: sekretariat.rsai@gmail.com | M7: RS AL ISLAM BANDUNG -
A8: PKU MUHAMMADIYAH SRUWENG | B8: #N/A | C8: pkumuhsruweng1@gmail.com | E8: document_nama_apoteker_penanggung_jawab | F8: /legal_documents/company/2745/document_nama_apoteker_penanggung_jawab.pdf | H8: pending | L8: marketing@edelweiss.id | M8: RUMAH SAKIT EDELWEISS -
A9: PKU MUHAMMADIYAH SRUWENG | B9: #N/A | C9: pkumuhsruweng1@gmail.com | E9: document_form_spesiment | F9: /legal_documents/company/2745/document_form_spesiment.jpeg | H9: pending | L9: halo@mutiaracikutra.com | M9: KLINIK MUTIARA CIKUTRA -
A10: Apotek wijaya kusuma | B10: #N/A | C10: karsanti1607@gmail.com | D10: siup_nib | E10: document_siup | F10: /legal_documents/company/3923/document_siup.jpg | G10: 45880 | H10: pending | L10: rspcirebon@rspelabuhan.com | M10: RUMAH SAKIT UMUM PELABUHAN CIREBON - - 1
A11: Apotek wijaya kusuma | B11: #N/A | C11: karsanti1607@gmail.com | D11: sipa | E11: document_sipa_sika_apoteker | F11: /legal_documents/company/3923/document_sipa_sika_apoteker.jpg | G11: 45681 | H11: pending | L11: sekertariat@rsudbandungkiwari.or.id | M11: BANDUNG KIWARI -
A12: Apotek wijaya kusuma | B12: #N/A | C12: karsanti1607@gmail.com | D12: surat_izin_operasional | E12: document_surat_izin_apotek | F12: /legal_documents/company/3923/document_surat_izin_apotek.jpg | G12: 45681 | H12: pending | L12: rantisarnita@yahoo.com | M12: APOTEK SERAVI -
A13: Apotek wijaya kusuma | B13: #N/A | C13: karsanti1607@gmail.com | D13: npwp_file | E13: document_npwp | F13: /legal_documents/company/3923/document_npwp.jpg | H13: pending | L13: abufauzan374@gmail.com | M13: APOTEK REFAH -
A14: Apotek wijaya kusuma | B14: #N/A | C14: karsanti1607@gmail.com | E14: document_form_spesiment | F14: /legal_documents/company/3923/document_form_spesiment.jpg | H14: pending | L14: adm.kasihbunda@gmail.com | M14: RSU KASIH BUNDA -
A15: Apotek wijaya kusuma | B15: #N/A | C15: karsanti1607@gmail.com | E15: document_nama_apoteker_penanggung_jawab | F15: /legal_documents/company/3923/document_nama_apoteker_penanggung_jawab.jpg | H15: pending | L15: alifia_klinik@yahoo.com | M15: APOTEK ALIFIA -
A16: Apotek wijaya kusuma | B16: #N/A | C16: karsanti1607@gmail.com | D16: foto_lokasi_bangunan_fisik | E16: document_foto_lokasi_bagunan_fisik | F16: /legal_documents/company/3923/document_foto_lokasi_bagunan_fisik.jpg | H16: pending | L16: apotek.almasoem@yahoo.co.id | M16: AL MASOEM 2 -
A17: RSU PURBOWANGI | B17: #N/A | C17: rsupurbowangigmb@gmail.com | D17: siup_nib | E17: document_siup | F17: /legal_documents/company/3754/document_siup.pdf | G17: 46470 | H17: pending | L17: apotekbunayya@gmail.com | M17: APOTEK BUNAYYA
A18: RSU PURBOWANGI | B18: #N/A | C18: rsupurbowangigmb@gmail.com | D18: npwp_file | E18: document_npwp | F18: /legal_documents/company/3754/document_npwp.jpeg | H18: pending | L18: armadamedikasejahtera@gmail.com | M18: KLINIK ARMADA MEDIKA SEJAHTERA -
A19: RSU PURBOWANGI | B19: #N/A | C19: rsupurbowangigmb@gmail.com | E19: document_nama_apoteker_penanggung_jawab | F19: /legal_documents/company/3754/document_nama_apoteker_penanggung_jawab.pdf | H19: pending | L19: farmasimelongasih@gmail.com | M19: KLINIK UTAMA IBU DAN ANAK MELONG ASIH -
A20: RSU PURBOWANGI | B20: #N/A | C20: rsupurbowangigmb@gmail.com | E20: document_form_spesiment | F20: /legal_documents/company/3754/document_form_spesiment.pdf | H20: pending | L20: klinik.alfatih@gmail.com | M20: APOTEK ALFATIH FARMA -
A21: RSU PURBOWANGI | B21: #N/A | C21: rsupurbowangigmb@gmail.com | D21: foto_lokasi_bangunan_fisik | E21: document_foto_lokasi_bagunan_fisik | F21: /legal_documents/company/3754/document_foto_lokasi_bagunan_fisik.pdf | H21: pending | L21: soffiarianti@gmail.com | M21: Apotek Cornel Sehat -
A22: Apotek Mitra Sehat Farma | B22: #N/A | C22: yuniatianes@gmail.com | D22: siup_nib | E22: document_siup | F22: /legal_documents/company/3919/document_siup.pdf | G22: 45291 | H22: pending | L22: sekretariat@rsudbandungkiwari.or.id | M22: BANDUNG KIWARI - - 1
A23: Apotek Mitra Sehat Farma | B23: #N/A | C23: yuniatianes@gmail.com | D23: sipa | E23: document_sipa_sika_apoteker | F23: /legal_documents/company/3919/document_sipa_sika_apoteker.pdf | G23: 46567 | H23: pending | L23: telemedika.health.center@gmail.com | M23: KLINIK UTAMA THC -
A24: Apotek Mitra Sehat Farma | B24: #N/A | C24: yuniatianes@gmail.com | D24: stra | E24: document_stra_apoteker | F24: /legal_documents/company/3919/document_stra_apoteker.pdf | G24: 46567 | H24: pending | L24: klinikardamisehat@gmail.com | M24: Klinik Ardami Sehat -
A25: Apotek Mitra Sehat Farma | B25: #N/A | C25: yuniatianes@gmail.com | D25: surat_izin_operasional | E25: document_surat_izin_apotek | F25: /legal_documents/company/3919/document_surat_izin_apotek.pdf | G25: 47663 | H25: pending | L25: assyifa.safilla@intibios.com | M25: APOTEK INTIBIOS BANDUNG -
A26: Apotek Mitra Sehat Farma | B26: #N/A | C26: yuniatianes@gmail.com | D26: npwp_file | E26: document_npwp | F26: /legal_documents/company/3919/document_npwp.pdf | H26: pending | L26: farmasi.karawang@intibios.com | M26: KLINIK INTIBIOS KARAWANG - - 1
A27: Apotek Mitra Sehat Farma | B27: #N/A | C27: yuniatianes@gmail.com | E27: document_nama_apoteker_penanggung_jawab | F27: /legal_documents/company/3919/document_nama_apoteker_penanggung_jawab.pdf | H27: pending | L27: asshofa.purwakarta@gmail.com | M27: KLINIK AS-SHOFA -
A28: Apotek Mutiara Farma | B28: #N/A | C28: aptmutiarafarma1@gmail.com | D28: siup_nib | E28: document_siup | F28: /legal_documents/company/3926/document_siup.jpeg | G28: 46113 | H28: pending | L28: asri.klinik@gmail.com | M28: KLINIK ASRI -
A29: Apotek Mutiara Farma | B29: #N/A | C29: aptmutiarafarma1@gmail.com | D29: sipa | E29: document_sipa_sika_apoteker | F29: /legal_documents/company/3926/document_sipa_sika_apoteker.jpeg | G29: 46113 | H29: pending | L29: berlianbakti.klinik126@gmail.com | M29: KLINIK BERLIAN BAKTI -
A30: Apotek Mutiara Farma | B30: #N/A | C30: aptmutiarafarma1@gmail.com | D30: stra | E30: document_stra_apoteker | F30: /legal_documents/company/3926/document_stra_apoteker.jpeg | G30: 46113 | H30: pending | L30: imuni.indonesia@gmail.com | M30: KLINIK PRATAMA IMUNI -
A31: Apotek Mutiara Farma | B31: #N/A | C31: aptmutiarafarma1@gmail.com | D31: surat_izin_operasional | E31: document_surat_izin_apotek | F31: /legal_documents/company/3926/document_surat_izin_apotek.jpeg | G31: 46113 | H31: pending | L31: apotek.izzatul@gmail.com | M31: KLINIK IZZATUL -
A32: Apotek Mutiara Farma | B32: #N/A | C32: aptmutiarafarma1@gmail.com | D32: npwp_file | E32: document_npwp | F32: /legal_documents/company/3926/document_npwp.jpeg | H32: pending | L32: klinik24jampadjadjaran@gmail.com | M32: KLINIK PADJADJARAN -
A33: Apotek Mutiara Farma | B33: #N/A | C33: aptmutiarafarma1@gmail.com | E33: document_nama_apoteker_penanggung_jawab | F33: /legal_documents/company/3926/document_nama_apoteker_penanggung_jawab.jpeg | H33: pending | L33: klinikbonamitrakeluarga0@gmail.com | M33: APOTEK BONA MITRA KELUARGA -
A34: Apotek Mutiara Farma | B34: #N/A | C34: aptmutiarafarma1@gmail.com | E34: document_form_spesiment | F34: /legal_documents/company/3926/document_form_spesiment.jpeg | H34: pending | L34: instalasifarmasiklinik2020@gmail.com | M34: INSTALASI FARMASI KLINIK OMSA MEDIC DENP -
A35: Apotek Mutiara Farma | B35: #N/A | C35: aptmutiarafarma1@gmail.com | D35: foto_lokasi_bangunan_fisik | E35: document_foto_lokasi_bagunan_fisik | F35: /legal_documents/company/3926/document_foto_lokasi_bagunan_fisik.jpeg | H35: pending | L35: alfatihfarma26@gmail.com | M35: APOTEK AL FATIH FARMA -
A36: Apotek wijaya kusuma | B36: #N/A | C36: karsanti1607@gmail.com | D36: stra | E36: document_stra_apoteker | F36: /legal_documents/company/3923/document_stra_apoteker.jpg | G36: 45681 | H36: pending | L36: sagi.capri@yahoo.com | M36: PT. SAGI CAPRI
A37: APT. ADHI GUNA FARMA | B37: #N/A | C37: adhigunafarma.01@gmail.com | D37: siup_nib | E37: document_siup | F37: /legal_documents/company/2717/document_siup.pdf | G37: 46537 | H37: pending | L37: procurement@kftd.co.id | M37: PT KIMIA FARMA TRADING & DISTRIBUTION - - 8
A38: APT. ADHI GUNA FARMA | B38: #N/A | C38: adhigunafarma.01@gmail.com | D38: sipa | E38: document_sipa_sika_apoteker | F38: /legal_documents/company/2717/document_sipa_sika_apoteker.jpg | G38: 46537 | H38: pending | L38: isya.puspadevi@kftd.co.id | M38: Isya KFTD
A39: APT. ADHI GUNA FARMA | B39: #N/A | C39: adhigunafarma.01@gmail.com | D39: stra | E39: document_stra_apoteker | F39: /legal_documents/company/2717/document_stra_apoteker.jpg | G39: 46537 | H39: pending | L39: apotekharkel@gmail.com | M39: Harapan Keluarga
A40: APT. ADHI GUNA FARMA | B40: #N/A | C40: adhigunafarma.01@gmail.com | D40: surat_izin_operasional | E40: document_surat_izin_apotek | F40: /legal_documents/company/2717/document_surat_izin_apotek.jpg | G40: 46537 | H40: pending | L40: dianpuspitasari120112@gmail.com | M40: Dian Puspita sari
A41: RS EMANUEL BANJARNEGARA | B41: #N/A | C41: rs.emanuelbna@gmail.com | D41: siup_nib | E41: document_siup | F41: /legal_documents/company/1999/document_siup.png | G41: 45398 | H41: pending | L41: mekarmaya.ap@gmail.com | M41: APT. MEKAR MAYA -
A42: RS EMANUEL BANJARNEGARA | B42: #N/A | C42: rs.emanuelbna@gmail.com | D42: sipa | E42: document_sipa_sika_apoteker | F42: /legal_documents/company/1999/document_sipa_sika_apoteker.jpeg | G42: 46318 | H42: pending | L42: apt.ilham@gmail.com | M42: Apotek Ilham -
A43: RS EMANUEL BANJARNEGARA | B43: #N/A | C43: rs.emanuelbna@gmail.com | D43: stra | E43: document_stra_apoteker | F43: /legal_documents/company/1999/document_stra_apoteker.jpeg | G43: 46318 | H43: pending | L43: logmed.rspkk@gmail.com | M43: RS permata keluarga karawang -
A44: RS EMANUEL BANJARNEGARA | B44: #N/A | C44: rs.emanuelbna@gmail.com | D44: npwp_file | E44: document_npwp | F44: /legal_documents/company/1999/document_npwp.jpeg | H44: pending | L44: endrobs@yahoo.com | M44: Rumah Sakit Taman Harapan Baru -
A45: RS EMANUEL BANJARNEGARA | B45: #N/A | C45: rs.emanuelbna@gmail.com | E45: document_nama_apoteker_penanggung_jawab | F45: /legal_documents/company/1999/document_nama_apoteker_penanggung_jawab.jpeg | H45: pending | L45: telefarma6@gmail.com | M45: Apotek Telkomedika PN -
A46: RS EMANUEL BANJARNEGARA | B46: #N/A | C46: rs.emanuelbna@gmail.com | E46: document_form_spesiment | F46: /legal_documents/company/1999/document_form_spesiment.jpeg | H46: pending | L46: apotek-klinik@cemerlang-rawamangun.com | M46: APOTEK CEMERLANG RAWAMANGUN -
A47: RS EMANUEL BANJARNEGARA | B47: #N/A | C47: rs.emanuelbna@gmail.com | D47: foto_lokasi_bangunan_fisik | E47: document_foto_lokasi_bagunan_fisik | F47: /legal_documents/company/1999/document_foto_lokasi_bagunan_fisik.png | H47: pending | L47: pharmacy@global-assistance.net | M47: APOTEK GLOBAL ASSITANCE PHA -
A48: Apotek Rawa Bendungan | B48: #N/A | C48: febianamelisa123@gmail.com | D48: siup_nib | E48: document_siup | F48: /legal_documents/company/1622/document_siup.pdf | G48: 46055 | H48: pending | L48: salessupport2@pttbk.com | M48: PT. TIRTA BUANA KEMINDO -
A49: Apotek Rawa Bendungan | B49: #N/A | C49: febianamelisa123@gmail.com | D49: sipa | E49: document_sipa_sika_apoteker | F49: /legal_documents/company/1622/document_sipa_sika_apoteker.pdf | G49: 46055 | H49: pending | L49: pbf.biu@gmail.com | M49: PT. BUANA INTIPRIMA USAHA -
A50: Apotek Rawa Bendungan | B50: #N/A | C50: febianamelisa123@gmail.com | D50: stra | E50: document_stra_apoteker | F50: /legal_documents/company/1622/document_stra_apoteker.pdf | G50: 46055 | H50: pending | L50: byelfarmaapotek@gmail.com | M50: APOTEK BYEL FARMA -
A51: Apotek Rawa Bendungan | B51: #N/A | C51: febianamelisa123@gmail.com | D51: surat_izin_operasional | E51: document_surat_izin_apotek | F51: /legal_documents/company/1622/document_surat_izin_apotek.pdf | G51: 46055 | H51: pending | L51: apotiktrijaya123@gmail.com | M51: APT. TRIJAYA -
A52: Apotek Rawa Bendungan | B52: #N/A | C52: febianamelisa123@gmail.com | D52: npwp_file | E52: document_npwp | F52: /legal_documents/company/1622/document_npwp.pdf | H52: pending | L52: ifrs.tasik@gmail.com | M52: RSUD dr SOEKARDJO -
A53: Apotek Rawa Bendungan | B53: #N/A | C53: febianamelisa123@gmail.com | E53: document_nama_apoteker_penanggung_jawab | F53: /legal_documents/company/1622/document_nama_apoteker_penanggung_jawab.pdf | H53: pending | L53: purchasing2@indopangan.co.id | M53: PT INDOPANGAN SENTOSA -
A54: Apotek Rawa Bendungan | B54: #N/A | C54: febianamelisa123@gmail.com | E54: document_form_spesiment | F54: /legal_documents/company/1622/document_form_spesiment.pdf | H54: pending | L54: klinikpratamakeluargakita@gmail.com | M54: KLINIK PRATAMA KELUARGA KITA -
A55: Apotek Irawan Medika | B55: #N/A | C55: apotekirawanmedikamb1@gmail.com | D55: siup_nib | E55: document_siup | F55: /legal_documents/company/3990/document_siup.jpeg | G55: 45780 | H55: pending | L55: pbf.carmellagustavindo@yahoo.co.id | M55: PT CARMELLA GUSTAVINDO -
A56: Apotek Irawan Medika | B56: #N/A | C56: apotekirawanmedikamb1@gmail.com | D56: sipa | E56: document_sipa_sika_apoteker | F56: /legal_documents/company/3990/document_sipa_sika_apoteker.jpeg | G56: 45780 | H56: pending | L56: combipusat@gmail.com | M56: PT COMBI PUTRA -
A57: Apotek Irawan Medika | B57: #N/A | C57: apotekirawanmedikamb1@gmail.com | D57: stra | E57: document_stra_apoteker | F57: /legal_documents/company/3990/document_stra_apoteker.jpeg | G57: 45780 | H57: pending | L57: sukses.login@yahoo.co.id | M57: PT LOGIN SUKSES -
A58: Apotek Irawan Medika | B58: #N/A | C58: apotekirawanmedikamb1@gmail.com | D58: surat_izin_operasional | E58: document_surat_izin_apotek | F58: /legal_documents/company/3990/document_surat_izin_apotek.jpeg | G58: 45780 | H58: pending | L58: klinikkuleuwiliang@gmail.com | M58: KLINIK KHAIRU UMMAH PKU MUHAMMADIYAH LEU -
A59: Apotek Irawan Medika | B59: #N/A | C59: apotekirawanmedikamb1@gmail.com | D59: npwp_file | E59: document_npwp | F59: /legal_documents/company/3990/document_npwp.jpeg | H59: pending | L59: ptprimaanugerahmandiribandung@gmail.com | M59: PT PRIMA ANUGERAH MANDIRI -
A60: Apotek Irawan Medika | B60: #N/A | C60: apotekirawanmedikamb1@gmail.com | E60: document_nama_apoteker_penanggung_jawab | F60: /legal_documents/company/3990/document_nama_apoteker_penanggung_jawab.jpeg | H60: pending | L60: farmasirskiaharbun@gmail.com | M60: RSKIA HARAPAN BUNDA BANDUNG -
A61: Apotek Irawan Medika | B61: #N/A | C61: apotekirawanmedikamb1@gmail.com | E61: document_form_spesiment | F61: /legal_documents/company/3990/document_form_spesiment.jpeg | H61: pending | L61: raphaelklinik@gmail.com | M61: PT SUKSES KELUARGA SENTOSA -
A62: Apotek Irawan Medika | B62: #N/A | C62: apotekirawanmedikamb1@gmail.com | D62: foto_lokasi_bangunan_fisik | E62: document_foto_lokasi_bagunan_fisik | F62: /legal_documents/company/3990/document_foto_lokasi_bagunan_fisik.jpeg | H62: pending | L62: fajri.aulia94@gmail.com | M62: Apotek Medika Antapani -
A63: Apotek Pratama K2 | B63: #N/A | C63: apotekpratamak2mb1@gmail.com | D63: siup_nib | E63: document_siup | F63: /legal_documents/company/3991/document_siup.jpeg | G63: 46370 | H63: pending | L63: pharmacybwccbdg@gmail.com | M63: KLINIK UTAMA BRAWIJAYA -
A64: Apotek Pratama K2 | B64: #N/A | C64: apotekpratamak2mb1@gmail.com | D64: sipa | E64: document_sipa_sika_apoteker | F64: /legal_documents/company/3991/document_sipa_sika_apoteker.jpeg | G64: 46382 | H64: pending | L64: medbizkftd+10076762@gmail.com | M64: KLINIK JANTUNG HASNA MEDI -
A65: Apotek Pratama K2 | B65: #N/A | C65: apotekpratamak2mb1@gmail.com | D65: stra | E65: document_stra_apoteker | F65: /legal_documents/company/3991/document_stra_apoteker.jpeg | G65: 46382 | H65: pending | L65: medbizkftd+10004868@gmail.com | M65: APOTEK PANGESTU -
A66: Apotek Pratama K2 | B66: #N/A | C66: apotekpratamak2mb1@gmail.com | D66: surat_izin_operasional | E66: document_surat_izin_apotek | F66: /legal_documents/company/3991/document_surat_izin_apotek.jpeg | G66: 46023 | H66: pending | L66: medbizkftd+10091161@gmail.com | M66: PT. TEKNOLOGI MEDIKA PRAT -
A67: Apotek Pratama K2 | B67: #N/A | C67: apotekpratamak2mb1@gmail.com | D67: npwp_file | E67: document_npwp | F67: /legal_documents/company/3991/document_npwp.jpeg | H67: pending | L67: medbizkftd+10055941@gmail.com | M67: KLINIK PRATAMA BAKTI TIMA -
A68: Apotek Pratama K2 | B68: #N/A | C68: apotekpratamak2mb1@gmail.com | E68: document_nama_apoteker_penanggung_jawab | F68: /legal_documents/company/3991/document_nama_apoteker_penanggung_jawab.jpeg | H68: pending | L68: medbizkftd+10098543@gmail.com | M68: APOTEK INTRI SEHAT -
A69: Bima Sakti medica | B69: #N/A | C69: ptbimasaktimedicamb1@gmail.com | D69: sertifikat_cdob | E69: document_sertifikasi_cdob | F69: /legal_documents/company/3895/document_sertifikasi_cdob.jpeg | G69: 45603 | H69: pending | L69: medbizkftd+10068627@gmail.com | M69: PPK MATKES RSPAD GATOT SO -
A70: Apotek Pratama K2 | B70: #N/A | C70: apotekpratamak2mb1@gmail.com | E70: document_form_spesiment | F70: /legal_documents/company/3991/document_form_spesiment.jpeg | H70: pending | L70: medbizkftd+10004569@gmail.com | M70: RSUD KHIDMAT SEHAT AFIAT -
A71: Apotek Pratama K2 | B71: #N/A | C71: apotekpratamak2mb1@gmail.com | D71: foto_lokasi_bangunan_fisik | E71: document_foto_lokasi_bagunan_fisik | F71: /legal_documents/company/3991/document_foto_lokasi_bagunan_fisik.jpeg | H71: pending | L71: medbizkftd+10015539@gmail.com | M71: APOTEK JAYA ABADI -
A72: Bima Sakti medica | B72: #N/A | C72: ptbimasaktimedicamb1@gmail.com | D72: surat_izin_operasional | E72: document_surat_izin_pbf | F72: /legal_documents/company/3895/document_surat_izin_pbf.jpeg | G72: 45210 | H72: pending | L72: medbizkftd+10001675@gmail.com | M72: KLINIK UTAMA PERISAI HUSA -
A73: Bima Sakti medica | B73: #N/A | C73: ptbimasaktimedicamb1@gmail.com | D73: siup_nib | E73: document_siup | F73: /legal_documents/company/3895/document_siup.jpeg | G73: 47099 | H73: pending | L73: medbizkftd+10070687@gmail.com | M73: APOTEK AL JAYA -
A74: Bima Sakti medica | B74: #N/A | C74: ptbimasaktimedicamb1@gmail.com | D74: stra | E74: document_stra_apoteker | F74: /legal_documents/company/3895/document_stra_apoteker.jpeg | G74: 45520 | H74: pending | L74: medbizkftd+10004155@gmail.com | M74: APOTEK AMANDARA -
A75: Bima Sakti medica | B75: #N/A | C75: ptbimasaktimedicamb1@gmail.com | D75: sipa | E75: document_sipa_sika_apoteker | F75: /legal_documents/company/3895/document_sipa_sika_apoteker.jpeg | G75: 45520 | H75: pending | L75: medbizkftd+10004555@gmail.com | M75: RS. VANIA -
A76: Bima Sakti medica | B76: #N/A | C76: ptbimasaktimedicamb1@gmail.com | D76: npwp_file | E76: document_npwp | F76: /legal_documents/company/3895/document_npwp.jpeg | H76: pending | L76: medbizkftd+10084452@gmail.com | M76: APOTEK SAMARI -
A77: Bima Sakti medica | B77: #N/A | C77: ptbimasaktimedicamb1@gmail.com | E77: document_nama_apoteker_penanggung_jawab | F77: /legal_documents/company/3895/document_nama_apoteker_penanggung_jawab.jpeg | H77: pending | L77: medbizkftd+10013789@gmail.com | M77: RS.PELABUHAN JAKARTA -
A78: apotek Mata Merah | B78: #N/A | C78: apotekmatamerahmb1@gmail.com | D78: siup_nib | E78: document_siup | F78: /legal_documents/company/3992/document_siup.pdf | G78: 46637 | H78: pending | L78: omayra.farma@gmail.com | M78: APOTEK OMAYRA FARMA -
A79: apotek Mata Merah | B79: #N/A | C79: apotekmatamerahmb1@gmail.com | D79: sipa | E79: document_sipa_sika_apoteker | F79: /legal_documents/company/3992/document_sipa_sika_apoteker.pdf | G79: 46637 | H79: pending | L79: medbizkftd+10098243@gmail.com | M79: APOTEK NURI -
A80: apotek Mata Merah | B80: #N/A | C80: apotekmatamerahmb1@gmail.com | D80: stra | E80: document_stra_apoteker | F80: /legal_documents/company/3992/document_stra_apoteker.pdf | G80: 46637 | H80: pending | L80: medbizkftd+10092760@gmail.com | M80: KLINIK PERTAMEDIKA JATIWA -
A81: apotek Mata Merah | B81: #N/A | C81: apotekmatamerahmb1@gmail.com | D81: surat_izin_operasional | E81: document_surat_izin_apotek | F81: /legal_documents/company/3992/document_surat_izin_apotek.pdf | G81: 46637 | H81: pending | L81: medbizkftd+10084592@gmail.com | M81: KLINIK PERTAMEDIKA SINABU -
A82: apotek Mata Merah | B82: #N/A | C82: apotekmatamerahmb1@gmail.com | D82: npwp_file | E82: document_npwp | F82: /legal_documents/company/3992/document_npwp.pdf | H82: pending | L82: medbizkftd+10006672@gmail.com | M82: RS PELNI PETAMBURAN -
A83: apotek Mata Merah | B83: #N/A | C83: apotekmatamerahmb1@gmail.com | E83: document_nama_apoteker_penanggung_jawab | F83: /legal_documents/company/3992/document_nama_apoteker_penanggung_jawab.pdf | H83: pending | L83: medbizkftd+10013752@gmail.com | M83: RS. ANTAM MEDIKA -
A84: apotek Mata Merah | B84: #N/A | C84: apotekmatamerahmb1@gmail.com | E84: document_form_spesiment | F84: /legal_documents/company/3992/document_form_spesiment.pdf | H84: pending | L84: medbizkftd+10062404@gmail.com | M84: RS. UNIVERSITAS INDONESIA -
A85: apotek Mata Merah | B85: #N/A | C85: apotekmatamerahmb1@gmail.com | D85: foto_lokasi_bangunan_fisik | E85: document_foto_lokasi_bagunan_fisik | F85: /legal_documents/company/3992/document_foto_lokasi_bagunan_fisik.pdf | H85: pending | L85: medbizkftd+20003435@gmail.com | M85: RS. PUSAT PERTAMINA -
A86: Apotek Simpang Limo | B86: #N/A | C86: apoteksimpanglimomb1@gmail.com | D86: siup_nib | E86: document_siup | F86: /legal_documents/company/3993/document_siup.jpeg | G86: 45169 | H86: pending | L86: medbizkftd+10013790@gmail.com | M86: RS PERTAMINA JAYA -
A87: Apotek Simpang Limo | B87: #N/A | C87: apoteksimpanglimomb1@gmail.com | D87: sipa | E87: document_sipa_sika_apoteker | F87: /legal_documents/company/3993/document_sipa_sika_apoteker.jpeg | G87: 46224 | H87: pending | L87: medbizkftd+10013813@gmail.com | M87: RSU PEKERJA -
A88: Apotek Simpang Limo | B88: #N/A | C88: apoteksimpanglimomb1@gmail.com | D88: stra | E88: document_stra_apoteker | F88: /legal_documents/company/3993/document_stra_apoteker.jpeg | G88: 46297 | H88: pending | L88: medbizkftd+10013815@gmail.com | M88: RS PORT MEDICAL CENTER -
A89: Apotek Simpang Limo | B89: #N/A | C89: apoteksimpanglimomb1@gmail.com | D89: surat_izin_operasional | E89: document_surat_izin_apotek | F89: /legal_documents/company/3993/document_surat_izin_apotek.jpeg | G89: 46160 | H89: pending | L89: medbizkftd+10101819@gmail.com | M89: APOTEK MIRAI FARMA -
A90: Apotek Simpang Limo | B90: #N/A | C90: apoteksimpanglimomb1@gmail.com | D90: npwp_file | E90: document_npwp | F90: /legal_documents/company/3993/document_npwp.jpeg | H90: pending | L90: rizkykhodmariani23@gmail.com | M90: Apotek Rapha Farma -
A91: Apotek Simpang Limo | B91: #N/A | C91: apoteksimpanglimomb1@gmail.com | E91: document_nama_apoteker_penanggung_jawab | F91: /legal_documents/company/3993/document_nama_apoteker_penanggung_jawab.jpeg | H91: pending | L91: medbizkftd+10090176@gmail.com | M91: APOTEK AMANAH KELUARGA -
A92: Apotek Simpang Limo | B92: #N/A | C92: apoteksimpanglimomb1@gmail.com | E92: document_form_spesiment | F92: /legal_documents/company/3993/document_form_spesiment.jpeg | H92: pending | L92: medbizkftd+10080884@gmail.com | M92: APOTEK FARHANA -
A93: Apotek Simpang Limo | B93: #N/A | C93: apoteksimpanglimomb1@gmail.com | D93: foto_lokasi_bangunan_fisik | E93: document_foto_lokasi_bagunan_fisik | F93: /legal_documents/company/3993/document_foto_lokasi_bagunan_fisik.jpeg | H93: pending | L93: muklis32@gmail.com | M93: hara hita wisesa -
A94: Apotek Refah | B94: #N/A | C94: apotekrefahmb1@gmail.com | D94: siup_nib | E94: document_siup | F94: /legal_documents/company/3994/document_siup.jpeg | G94: 46394 | H94: pending | L94: jampangsukses@gmail.com | M94: Apotek Pajampangan -
A95: Apotek Refah | B95: #N/A | C95: apotekrefahmb1@gmail.com | D95: sipa | E95: document_sipa_sika_apoteker | F95: /legal_documents/company/3994/document_sipa_sika_apoteker.jpeg | G95: 46394 | H95: pending | L95: apotekkabarbaik@gmail.com | M95: Apotek Kabar Baik -
A96: Apotek Refah | B96: #N/A | C96: apotekrefahmb1@gmail.com | D96: stra | E96: document_stra_apoteker | F96: /legal_documents/company/3994/document_stra_apoteker.jpeg | G96: 46394 | H96: pending | L96: marketing@daunteratai.com | M96: PT. Daun Teratai Herbalife -
A97: Apotek Refah | B97: #N/A | C97: apotekrefahmb1@gmail.com | D97: surat_izin_operasional | E97: document_surat_izin_apotek | F97: /legal_documents/company/3994/document_surat_izin_apotek.jpeg | G97: 46394 | H97: pending | L97: ranufa151@gmail.com | M97: Akhmad Alatas -
A98: Apotek Refah | B98: #N/A | C98: apotekrefahmb1@gmail.com | D98: npwp_file | E98: document_npwp | F98: /legal_documents/company/3994/document_npwp.jpeg | H98: pending | L98: apotekaisyah151@gmail.com | M98: Apotek Aisyah -
A99: Apotek Refah | B99: #N/A | C99: apotekrefahmb1@gmail.com | E99: document_nama_apoteker_penanggung_jawab | F99: /legal_documents/company/3994/document_nama_apoteker_penanggung_jawab.jpeg | H99: pending | L99: farmaapotekdelima@gmail.com | M99: Apotek Delima Farma -
A100: Apotek Refah | B100: #N/A | C100: apotekrefahmb1@gmail.com | E100: document_form_spesiment | F100: /legal_documents/company/3994/document_form_spesiment.jpeg | H100: pending | L100: apotekcitambur@gmail.com | M100: Apotek Citambur -
...

Sheet Mateng
A1: email | B1: _website | C1: _store | D1: website_id | E1: store_id | F1: ktp_pemilik | G1: siup_nib | H1: npwp_file | I1: sertifikat_cdob | J1: sertifikat_cdob_expired_date | K1: sertifikat_cdob_is_active | L1: sertifikat_cdob_oms_path | M1: sertifikat_cdakb | N1: sertifikat_cdakb_expired_date | O1: sertifikat_cdakb_is_active | P1: sertifikat_cdakb_oms_path | Q1: sipa | R1: sipa_expired_date | S1: sipa_is_active | T1: sipa_oms_path | U1: sipttk | V1: sipttk_expired_date | W1: sipttk_is_active | X1: sipttk_oms_path | Y1: stra | Z1: stra_expired_date | AA1: stra_is_active | AB1: stra_oms_path | AC1: strttk | AD1: strttk_expired_date | AE1: strttk_is_active | AF1: strttk_oms_path | AG1: ktp_apoteker | AH1: ktp_pj_alkes | AI1: foto_lokasi_bangunan_fisik | AJ1: nama_apoteker_penanggung_jawab | AK1: npwp | AL1: nama_pada_npwp | AM1: administrasi_alamat | AN1: administrasi_email | AO1: administrasi_kode_pos | AP1: nama_sarana | AQ1: administrasi_nomor_telepon | AR1: faktur_nama | AS1: faktur_kota | AT1: faktur_alamat | AU1: no_account_bank | AV1: nama_account_bank | AW1: nama_bank | AX1: sarana_nama_pelanggan | AY1: sarana_alamat | AZ1: sarana_kota | BA1: sarana_kode_pos | BB1: sarana_email | BC1: sarana_nomor_telepon | BD1: no_nib | BE1: no_sertifikat_cdob | BF1: no_sertifikat_cdakb | BG1: apoteker_email | BH1: no_sipa | BI1: nama_ttk | BJ1: kefarmasian_email | BK1: no_sipttk | BL1: no_nib_siup | BM1: erp_customer_id | BN1: photo_profile | BO1: photo_profile_oms_path | BP1: oms_customer_verification_id | BQ1: foto_lokasi_bangunan_fisik_oms_path | BR1: oms_contact_id | BS1: bpjs | BT1: bpjs_file | BU1: bpjs_file_expired_date | BV1: bpjs_file_oms_path | BW1: bpjs_file_is_active | BX1: surat_izin_operasional | BY1: surat_izin_operasional_oms_path | BZ1: surat_izin_operasional_expired_date | CA1: surat_izin_operasional_is_active | CB1: no_surat_izin_operasional | CC1: giro_cek | CD1: transfer_bank | CE1: tunai | CF1: customer_reject_reason | CG1: ktp_pemilik_oms_path | CH1: ktp_apoteker_oms_path | CI1: npwp_oms_path | CJ1: siup_nib_oms_path | CK1: npwp_file_oms_path | CL1: foto_lokasi_bangunan_fisik_expired_date | CM1: foto_lokasi_bangunan_fisik_is_active | CN1: ktp_apoteker_expired_date | CO1: ktp_apoteker_is_active | CP1: ktp_pemilik_expired_date | CQ1: ktp_pemilik_is_active | CR1: npwp_file_expired_date | CS1: npwp_file_is_active | CT1: is_payment_status | CU1: siup_nib_expired_date | CV1: siup_nib_is_active
A2: svrizkyp007@gmail.com | B2: base | C2: default | D2: 1 | E2: 1 | F2: =VLOOKUP(A2,TEMP!I:K,3,FALSE) -> #N/A | G2: =VLOOKUP(A2,TEMP!AR:AT,3,FALSE) -> #N/A | H2: =VLOOKUP(A2,TEMP!P:R,3,FALSE) -> #N/A | I2: =VLOOKUP(A2,TEMP!W:Y,3,FALSE) -> #N/A | M2: =VLOOKUP(A2,TEMP!AD:AF,3,FALSE) -> #N/A | Q2: =VLOOKUP(A2,TEMP!AK:AM,3,FALSE) -> #N/A | Y2: =VLOOKUP(A2,TEMP!AY:BA,3,FALSE) -> #N/A | AC2: =VLOOKUP(A2,TEMP!BF:BH,3,FALSE) -> #N/A | AI2: =VLOOKUP(A2,TEMP!B:D,3,FALSE) -> #N/A | BX2: =VLOOKUP(A2,TEMP!BM:BO,3,FALSE) -> #N/A
A3: farmasi@rsborromeus.com | B3: base | C3: default | D3: 1 | E3: 1 | F3: =VLOOKUP(A3,TEMP!I:K,3,FALSE) -> #N/A | G3: =VLOOKUP(A3,TEMP!AR:AT,3,FALSE) -> #N/A | H3: =VLOOKUP(A3,TEMP!P:R,3,FALSE) -> #N/A | I3: =VLOOKUP(A3,TEMP!W:Y,3,FALSE) -> #N/A | M3: =VLOOKUP(A3,TEMP!AD:AF,3,FALSE) -> #N/A | Q3: =VLOOKUP(A3,TEMP!AK:AM,3,FALSE) -> #N/A | Y3: =VLOOKUP(A3,TEMP!AY:BA,3,FALSE) -> #N/A | AC3: =VLOOKUP(A3,TEMP!BF:BH,3,FALSE) -> #N/A | AI3: =VLOOKUP(A3,TEMP!B:D,3,FALSE) -> #N/A | BX3: =VLOOKUP(A3,TEMP!BM:BO,3,FALSE) -> #N/A
A4: logfar.grhabunda@gmail.com | B4: base | C4: default | D4: 1 | E4: 1 | F4: =VLOOKUP(A4,TEMP!I:K,3,FALSE) -> #N/A | G4: =VLOOKUP(A4,TEMP!AR:AT,3,FALSE) -> #N/A | H4: =VLOOKUP(A4,TEMP!P:R,3,FALSE) -> #N/A | I4: =VLOOKUP(A4,TEMP!W:Y,3,FALSE) -> #N/A | M4: =VLOOKUP(A4,TEMP!AD:AF,3,FALSE) -> #N/A | Q4: =VLOOKUP(A4,TEMP!AK:AM,3,FALSE) -> #N/A | Y4: =VLOOKUP(A4,TEMP!AY:BA,3,FALSE) -> #N/A | AC4: =VLOOKUP(A4,TEMP!BF:BH,3,FALSE) -> #N/A | AI4: =VLOOKUP(A4,TEMP!B:D,3,FALSE) -> #N/A | BX4: =VLOOKUP(A4,TEMP!BM:BO,3,FALSE) -> #N/A
A5: medika.antapani@gmail.com | B5: base | C5: default | D5: 1 | E5: 1 | F5: =VLOOKUP(A5,TEMP!I:K,3,FALSE) -> #N/A | G5: =VLOOKUP(A5,TEMP!AR:AT,3,FALSE) -> #N/A | H5: =VLOOKUP(A5,TEMP!P:R,3,FALSE) -> #N/A | I5: =VLOOKUP(A5,TEMP!W:Y,3,FALSE) -> #N/A | M5: =VLOOKUP(A5,TEMP!AD:AF,3,FALSE) -> #N/A | Q5: =VLOOKUP(A5,TEMP!AK:AM,3,FALSE) -> #N/A | Y5: =VLOOKUP(A5,TEMP!AY:BA,3,FALSE) -> #N/A | AC5: =VLOOKUP(A5,TEMP!BF:BH,3,FALSE) -> #N/A | AI5: =VLOOKUP(A5,TEMP!B:D,3,FALSE) -> #N/A | BX5: =VLOOKUP(A5,TEMP!BM:BO,3,FALSE) -> #N/A
A6: nusafarma.apotek@gmail.com | B6: base | C6: default | D6: 1 | E6: 1 | F6: =VLOOKUP(A6,TEMP!I:K,3,FALSE) -> #N/A | G6: =VLOOKUP(A6,TEMP!AR:AT,3,FALSE) -> #N/A | H6: =VLOOKUP(A6,TEMP!P:R,3,FALSE) -> #N/A | I6: =VLOOKUP(A6,TEMP!W:Y,3,FALSE) -> #N/A | M6: =VLOOKUP(A6,TEMP!AD:AF,3,FALSE) -> #N/A | Q6: =VLOOKUP(A6,TEMP!AK:AM,3,FALSE) -> #N/A | Y6: =VLOOKUP(A6,TEMP!AY:BA,3,FALSE) -> #N/A | AC6: =VLOOKUP(A6,TEMP!BF:BH,3,FALSE) -> #N/A | AI6: =VLOOKUP(A6,TEMP!B:D,3,FALSE) -> #N/A | BX6: =VLOOKUP(A6,TEMP!BM:BO,3,FALSE) -> #N/A
A7: sekretariat.rsai@gmail.com | B7: base | C7: default | D7: 1 | E7: 1 | F7: =VLOOKUP(A7,TEMP!I:K,3,FALSE) -> #N/A | G7: =VLOOKUP(A7,TEMP!AR:AT,3,FALSE) -> #N/A | H7: =VLOOKUP(A7,TEMP!P:R,3,FALSE) -> #N/A | I7: =VLOOKUP(A7,TEMP!W:Y,3,FALSE) -> #N/A | M7: =VLOOKUP(A7,TEMP!AD:AF,3,FALSE) -> #N/A | Q7: =VLOOKUP(A7,TEMP!AK:AM,3,FALSE) -> #N/A | Y7: =VLOOKUP(A7,TEMP!AY:BA,3,FALSE) -> #N/A | AC7: =VLOOKUP(A7,TEMP!BF:BH,3,FALSE) -> #N/A | AI7: =VLOOKUP(A7,TEMP!B:D,3,FALSE) -> #N/A | BX7: =VLOOKUP(A7,TEMP!BM:BO,3,FALSE) -> #N/A
A8: marketing@edelweiss.id | B8: base | C8: default | D8: 1 | E8: 1 | F8: =VLOOKUP(A8,TEMP!I:K,3,FALSE) -> #N/A | G8: =VLOOKUP(A8,TEMP!AR:AT,3,FALSE) -> #N/A | H8: =VLOOKUP(A8,TEMP!P:R,3,FALSE) -> #N/A | I8: =VLOOKUP(A8,TEMP!W:Y,3,FALSE) -> #N/A | M8: =VLOOKUP(A8,TEMP!AD:AF,3,FALSE) -> #N/A | Q8: =VLOOKUP(A8,TEMP!AK:AM,3,FALSE) -> #N/A | Y8: =VLOOKUP(A8,TEMP!AY:BA,3,FALSE) -> #N/A | AC8: =VLOOKUP(A8,TEMP!BF:BH,3,FALSE) -> #N/A | AI8: =VLOOKUP(A8,TEMP!B:D,3,FALSE) -> #N/A | BX8: =VLOOKUP(A8,TEMP!BM:BO,3,FALSE) -> #N/A
A9: halo@mutiaracikutra.com | B9: base | C9: default | D9: 1 | E9: 1 | F9: =VLOOKUP(A9,TEMP!I:K,3,FALSE) -> #N/A | G9: =VLOOKUP(A9,TEMP!AR:AT,3,FALSE) -> #N/A | H9: =VLOOKUP(A9,TEMP!P:R,3,FALSE) -> #N/A | I9: =VLOOKUP(A9,TEMP!W:Y,3,FALSE) -> #N/A | M9: =VLOOKUP(A9,TEMP!AD:AF,3,FALSE) -> #N/A | Q9: =VLOOKUP(A9,TEMP!AK:AM,3,FALSE) -> #N/A | Y9: =VLOOKUP(A9,TEMP!AY:BA,3,FALSE) -> #N/A | AC9: =VLOOKUP(A9,TEMP!BF:BH,3,FALSE) -> #N/A | AI9: =VLOOKUP(A9,TEMP!B:D,3,FALSE) -> #N/A | BX9: =VLOOKUP(A9,TEMP!BM:BO,3,FALSE) -> #N/A
A10: rspcirebon@rspelabuhan.com | B10: base | C10: default | D10: 1 | E10: 1 | F10: =VLOOKUP(A10,TEMP!I:K,3,FALSE) -> #N/A | G10: =VLOOKUP(A10,TEMP!AR:AT,3,FALSE) -> #N/A | H10: =VLOOKUP(A10,TEMP!P:R,3,FALSE) -> #N/A | I10: =VLOOKUP(A10,TEMP!W:Y,3,FALSE) -> #N/A | M10: =VLOOKUP(A10,TEMP!AD:AF,3,FALSE) -> #N/A | Q10: =VLOOKUP(A10,TEMP!AK:AM,3,FALSE) -> #N/A | Y10: =VLOOKUP(A10,TEMP!AY:BA,3,FALSE) -> #N/A | AC10: =VLOOKUP(A10,TEMP!BF:BH,3,FALSE) -> #N/A | AI10: =VLOOKUP(A10,TEMP!B:D,3,FALSE) -> #N/A | BX10: =VLOOKUP(A10,TEMP!BM:BO,3,FALSE) -> #N/A
A11: sekertariat@rsudbandungkiwari.or.id | B11: base | C11: default | D11: 1 | E11: 1 | F11: =VLOOKUP(A11,TEMP!I:K,3,FALSE) -> #N/A | G11: =VLOOKUP(A11,TEMP!AR:AT,3,FALSE) -> #N/A | H11: =VLOOKUP(A11,TEMP!P:R,3,FALSE) -> #N/A | I11: =VLOOKUP(A11,TEMP!W:Y,3,FALSE) -> #N/A | M11: =VLOOKUP(A11,TEMP!AD:AF,3,FALSE) -> #N/A | Q11: =VLOOKUP(A11,TEMP!AK:AM,3,FALSE) -> #N/A | Y11: =VLOOKUP(A11,TEMP!AY:BA,3,FALSE) -> #N/A | AC11: =VLOOKUP(A11,TEMP!BF:BH,3,FALSE) -> #N/A | AI11: =VLOOKUP(A11,TEMP!B:D,3,FALSE) -> #N/A | BX11: =VLOOKUP(A11,TEMP!BM:BO,3,FALSE) -> #N/A
A12: rantisarnita@yahoo.com | B12: base | C12: default | D12: 1 | E12: 1 | F12: =VLOOKUP(A12,TEMP!I:K,3,FALSE) -> #N/A | G12: =VLOOKUP(A12,TEMP!AR:AT,3,FALSE) -> /legal_documents/company/1520/document_siup.jpeg | H12: =VLOOKUP(A12,TEMP!P:R,3,FALSE) -> /legal_documents/company/1520/document_npwp.jpeg | I12: =VLOOKUP(A12,TEMP!W:Y,3,FALSE) -> #N/A | M12: =VLOOKUP(A12,TEMP!AD:AF,3,FALSE) -> #N/A | Q12: =VLOOKUP(A12,TEMP!AK:AM,3,FALSE) -> /legal_documents/company/1520/document_sipa_sika_apoteker.jpeg | Y12: =VLOOKUP(A12,TEMP!AY:BA,3,FALSE) -> /legal_documents/company/1520/document_stra_apoteker.jpeg | AC12: =VLOOKUP(A12,TEMP!BF:BH,3,FALSE) -> #N/A | AI12: =VLOOKUP(A12,TEMP!B:D,3,FALSE) -> #N/A | BX12: =VLOOKUP(A12,TEMP!BM:BO,3,FALSE) -> /legal_documents/company/1520/document_surat_izin_apotek.jpeg
A13: abufauzan374@gmail.com | B13: base | C13: default | D13: 1 | E13: 1 | F13: =VLOOKUP(A13,TEMP!I:K,3,FALSE) -> #N/A | G13: =VLOOKUP(A13,TEMP!AR:AT,3,FALSE) -> #N/A | H13: =VLOOKUP(A13,TEMP!P:R,3,FALSE) -> #N/A | I13: =VLOOKUP(A13,TEMP!W:Y,3,FALSE) -> #N/A | M13: =VLOOKUP(A13,TEMP!AD:AF,3,FALSE) -> #N/A | Q13: =VLOOKUP(A13,TEMP!AK:AM,3,FALSE) -> #N/A | Y13: =VLOOKUP(A13,TEMP!AY:BA,3,FALSE) -> #N/A | AC13: =VLOOKUP(A13,TEMP!BF:BH,3,FALSE) -> #N/A | AI13: =VLOOKUP(A13,TEMP!B:D,3,FALSE) -> #N/A | BX13: =VLOOKUP(A13,TEMP!BM:BO,3,FALSE) -> #N/A
... A202: uchiharizky2016@gmail.com | B202: base | C202: default | D202: 1 | E202: 1 | F202: =VLOOKUP(A202,TEMP!I:K,3,FALSE) -> #N/A | G202: =VLOOKUP(A202,TEMP!AR:AT,3,FALSE) -> #N/A | H202: =VLOOKUP(A202,TEMP!P:R,3,FALSE) -> #N/A | I202: =VLOOKUP(A202,TEMP!W:Y,3,FALSE) -> #N/A | M202: =VLOOKUP(A202,TEMP!AD:AF,3,FALSE) -> #N/A | Q202: =VLOOKUP(A202,TEMP!AK:AM,3,FALSE) -> #N/A | Y202: =VLOOKUP(A202,TEMP!AY:BA,3,FALSE) -> #N/A | AC202: =VLOOKUP(A202,TEMP!BF:BH,3,FALSE) -> #N/A | AI202: =VLOOKUP(A202,TEMP!B:D,3,FALSE) -> #N/A | BX202: =VLOOKUP(A202,TEMP!BM:BO,3,FALSE) -> #N/A

Sheet TEMP
A1: company_name | B1: Admin_Email | C1: document_name | D1: uploaded_file | E1: expired_date | F1: status | H1: company_name | I1: Admin_Email | J1: document_name | K1: uploaded_file | L1: expired_date | M1: status | O1: company_name | P1: Admin_Email | Q1: document_name | R1: uploaded_file | S1: expired_date | T1: status | V1: company_name | W1: Admin_Email | X1: document_name | Y1: uploaded_file | Z1: expired_date | AA1: status | AC1: company_name | AD1: Admin_Email | AE1: document_name | AF1: uploaded_file | AG1: expired_date | AH1: status | AJ1: company_name | AK1: Admin_Email | AL1: document_name | AM1: uploaded_file | AN1: expired_date | AO1: status | AQ1: company_name | AR1: Admin_Email | AS1: document_name | AT1: uploaded_file | AU1: expired_date | AV1: status | AX1: company_name | AY1: Admin_Email | AZ1: document_name | BA1: uploaded_file | BB1: expired_date | BC1: status | BE1: company_name | BF1: Admin_Email | BG1: document_name | BH1: uploaded_file | BI1: expired_date | BJ1: status | BL1: company_name | BM1: Admin_Email | BN1: document_name | BO1: uploaded_file | BP1: expired_date | BQ1: status
A2: Apotek wijaya kusuma | B2: karsanti1607@gmail.com | C2: document_foto_lokasi_bagunan_fisik | D2: /legal_documents/company/3923/document_foto_lokasi_bagunan_fisik.jpg | F2: pending | H2: hara hita wisesa | I2: muklis32@gmail.com | J2: document_ktp_pemilik_sarana | K2: /legal_documents/company/34577/document_ktp_pemilik_sarana.jpeg | M2: pending | O2: PKU MUHAMMADIYAH SRUWENG | P2: pkumuhsruweng1@gmail.com | Q2: document_npwp | R2: /legal_documents/company/2745/document_npwp.jpeg | T2: pending | V2: Bima Sakti medica | W2: ptbimasaktimedicamb1@gmail.com | X2: document_sertifikasi_cdob | Y2: /legal_documents/company/3895/document_sertifikasi_cdob.jpeg | Z2: 45603 | AA2: pending | AC2: PT. Lamlo Pharmacy | AD2: lamlopharmacypt@yahoo.com | AE2: document_sertifikat_cdakb | AF2: /legal_documents/company/3142/document_sertifikat_cdakb.jpeg | AG2: 45420 | AH2: pending | AJ2: Apotik Bahagia | AK2: arie_4121mel@yahoo.com | AL2: document_sipa_sika_apoteker | AM2: /legal_documents/company/3921/document_sipa_sika_apoteker.jpg | AO2: pending | AQ2: Apotik Bahagia | AR2: arie_4121mel@yahoo.com | AS2: document_siup | AT2: /legal_documents/company/3921/document_siup.pdf | AV2: pending | AX2: PKU MUHAMMADIYAH SRUWENG | AY2: pkumuhsruweng1@gmail.com | AZ2: document_stra_apoteker | BA2: /legal_documents/company/2745/document_stra_apoteker.jpeg | BB2: 46024 | BC2: pending | BE2: Toko Obat Aneka Jaya | BF2: anekajayamartoloyo@gmail.com | BG2: document_strttk | BH2: /legal_documents/company/2591/document_strttk.pdf | BI2: 46617 | BJ2: pending | BL2: Apotek wijaya kusuma | BM2: karsanti1607@gmail.com | BN2: document_surat_izin_apotek | BO2: /legal_documents/company/3923/document_surat_izin_apotek.jpg | BP2: 45681 | BQ2: pending
A3: RSU PURBOWANGI | B3: rsupurbowangigmb@gmail.com | C3: document_foto_lokasi_bagunan_fisik | D3: /legal_documents/company/3754/document_foto_lokasi_bagunan_fisik.pdf | F3: pending | H3: Apotek Sedulur | I3: antoniraharjo115@gmail.com | J3: document_ktp_pemilik_sarana | K3: /legal_documents/company/20826/document_ktp_pemilik_sarana.jpeg | M3: pending | O3: Apotek wijaya kusuma | P3: karsanti1607@gmail.com | Q3: document_npwp | R3: /legal_documents/company/3923/document_npwp.jpg | T3: pending | V3: PT Citra Sedayuh | W3: citrasedayuh@gmail.com | X3: document_sertifikasi_cdob | Y3: /legal_documents/company/4032/document_sertifikasi_cdob.pdf | Z3: 45408 | AA3: pending | AC3: PT. Sejahtera Harapan Tigas | AD3: pbf.sehati@gmail.com | AE3: document_sertifikat_cdakb | AF3: /legal_documents/company/4725/document_sertifikat_cdakb.pdf | AG3: 46116 | AH3: pending | AJ3: PKU MUHAMMADIYAH SRUWENG | AK3: pkumuhsruweng1@gmail.com | AL3: document_sipa_sika_apoteker | AM3: /legal_documents/company/2745/document_sipa_sika_apoteker.jpeg | AN3: 46024 | AO3: pending | AQ3: PKU MUHAMMADIYAH SRUWENG | AR3: pkumuhsruweng1@gmail.com | AS3: document_siup | AT3: /legal_documents/company/2745/document_siup.png | AU3: 46024 | AV3: pending | AX3: Apotek Mitra Sehat Farma | AY3: yuniatianes@gmail.com | AZ3: document_stra_apoteker | BA3: /legal_documents/company/3919/document_stra_apoteker.pdf | BB3: 46567 | BC3: pending | BE3: PT. KIMIA FARMA TRADING AND DISTRIBUTION | BF3: KFTDMALANG@YAHOO.CO.ID | BG3: document_strttk | BH3: /legal_documents/company/4357/document_strttk.jpeg | BI3: 46076 | BJ3: pending | BL3: Apotek Mitra Sehat Farma | BM3: yuniatianes@gmail.com | BN3: document_surat_izin_apotek | BO3: /legal_documents/company/3919/document_surat_izin_apotek.pdf | BP3: 47663 | BQ3: pending
A4: Apotek Mutiara Farma | B4: aptmutiarafarma1@gmail.com | C4: document_foto_lokasi_bagunan_fisik | D4: /legal_documents/company/3926/document_foto_lokasi_bagunan_fisik.jpeg | F4: pending | H4: Apotek Testing | I4: medbizkftd+12345678@gmail.com | J4: document_ktp_pemilik_sarana | K4: /legal_documents/company/34579/document_ktp_pemilik_sarana.pdf | M4: pending | O4: RSU PURBOWANGI | P4: rsupurbowangigmb@gmail.com | Q4: document_npwp | R4: /legal_documents/company/3754/document_npwp.jpeg | T4: pending | V4: PT. Forta Mitra Sejati | W4: apjforta@gmail.com | X4: document_sertifikasi_cdob | Y4: /legal_documents/company/2972/document_sertifikasi_cdob.PDF | Z4: 45842 | AA4: pending | AC4: PT Teluk Pursel Sejahtera | AD4: telukpurselpurwokerto@gmail.com | AE4: document_sertifikat_cdakb | AF4: /legal_documents/company/4913/document_sertifikat_cdakb.pdf | AG4: 46548 | AH4: pending | AJ4: Apotek wijaya kusuma | AK4: karsanti1607@gmail.com | AL4: document_sipa_sika_apoteker | AM4: /legal_documents/company/3923/document_sipa_sika_apoteker.jpg | AN4: 45681 | AO4: pending | AQ4: Apotek wijaya kusuma | AR4: karsanti1607@gmail.com | AS4: document_siup | AT4: /legal_documents/company/3923/document_siup.jpg | AU4: 45880 | AV4: pending | AX4: Apotek Mutiara Farma | AY4: aptmutiarafarma1@gmail.com | AZ4: document_stra_apoteker | BA4: /legal_documents/company/3926/document_stra_apoteker.jpeg | BB4: 46113 | BC4: pending | BE4: PT. Lamlo Pharmacy | BF4: lamlopharmacypt@yahoo.com | BG4: document_strttk | BH4: /legal_documents/company/3142/document_strttk.jpeg | BI4: 45506 | BJ4: pending | BL4: Apotek Mutiara Farma | BM4: aptmutiarafarma1@gmail.com | BN4: document_surat_izin_apotek | BO4: /legal_documents/company/3926/document_surat_izin_apotek.jpeg | BP4: 46113 | BQ4: pending
A5: RS EMANUEL BANJARNEGARA | B5: rs.emanuelbna@gmail.com | C5: document_foto_lokasi_bagunan_fisik | D5: /legal_documents/company/1999/document_foto_lokasi_bagunan_fisik.png | F5: pending | H5: PT ADI BUANA CITRA DHARMALA | I5: medbizkftd+10012020@gmail.com | J5: document_ktp_pemilik_sarana | K5: /legal_documents/company/27230/document_ktp_pemilik_sarana.pdf | M5: pending | O5: Apotek Mitra Sehat Farma | P5: yuniatianes@gmail.com | Q5: document_npwp | R5: /legal_documents/company/3919/document_npwp.pdf | T5: pending | V5: PT. Sinar Roda Utama | W5: evelyn.n@sinarrodautama.co.id | X5: document_sertifikasi_cdob | Y5: /legal_documents/company/1922/document_sertifikasi_cdob.PDF | Z5: 46035 | AA5: pending | AC5: PT Pancabala Jaya Makmur | AD5: ptpancabalajayamakmur@gmail.com | AE5: document_sertifikat_cdakb | AF5: /legal_documents/company/1917/document_sertifikat_cdakb.jpg | AG5: 45586 | AH5: pending | AJ5: Apotek Mitra Sehat Farma | AK5: yuniatianes@gmail.com | AL5: document_sipa_sika_apoteker | AM5: /legal_documents/company/3919/document_sipa_sika_apoteker.pdf | AN5: 46567 | AO5: pending | AQ5: RSU PURBOWANGI | AR5: rsupurbowangigmb@gmail.com | AS5: document_siup | AT5: /legal_documents/company/3754/document_siup.pdf | AU5: 46470 | AV5: pending | AX5: Apotek wijaya kusuma | AY5: karsanti1607@gmail.com | AZ5: document_stra_apoteker | BA5: /legal_documents/company/3923/document_stra_apoteker.jpg | BB5: 45681 | BC5: pending | BE5: PT. Rajawali Nusindo Cabang Padang | BF5: rnimedbiz@gmail.com | BG5: document_strttk | BH5: /legal_documents/company/4828/document_strttk.jpg | BI5: 46557 | BJ5: pending | BL5: APT. ADHI GUNA FARMA | BM5: adhigunafarma.01@gmail.com | BN5: document_surat_izin_apotek | BO5: /legal_documents/company/2717/document_surat_izin_apotek.jpg | BP5: 46537 | BQ5: pending
A6: Apotek Irawan Medika | B6: apotekirawanmedikamb1@gmail.com | C6: document_foto_lokasi_bagunan_fisik | D6: /legal_documents/company/3990/document_foto_lokasi_bagunan_fisik.jpeg | F6: pending | H6: Apotek Faiza | I6: setyanuria@gmail.com | J6: document_ktp_pemilik_sarana | K6: /legal_documents/company/20500/document_ktp_pemilik_sarana.jpeg | M6: pending | O6: Apotek Mutiara Farma | P6: aptmutiarafarma1@gmail.com | Q6: document_npwp | R6: /legal_documents/company/3926/document_npwp.jpeg | T6: pending | V6: PT. ANTAR MITRA PAPUA | W6: ampjayapura@yahoo.com | X6: document_sertifikasi_cdob | Y6: /legal_documents/company/4220/document_sertifikasi_cdob.PDF | Z6: 45719 | AA6: pending | AC6: PT Berkat Mahkota Putra | AD6: ptberkatmahkotaputra@gmail.com | AE6: document_sertifikat_cdakb | AF6: /legal_documents/company/1915/document_sertifikat_cdakb.pdf | AG6: 46235 | AH6: pending | AJ6: Apotek Mutiara Farma | AK6: aptmutiarafarma1@gmail.com | AL6: document_sipa_sika_apoteker | AM6: /legal_documents/company/3926/document_sipa_sika_apoteker.jpeg | AN6: 46113 | AO6: pending | AQ6: Apotek Mitra Sehat Farma | AR6: yuniatianes@gmail.com | AS6: document_siup | AT6: /legal_documents/company/3919/document_siup.pdf | AU6: 45291 | AV6: pending | AX6: APT. ADHI GUNA FARMA | AY6: adhigunafarma.01@gmail.com | AZ6: document_stra_apoteker | BA6: /legal_documents/company/2717/document_stra_apoteker.jpg | BB6: 46537 | BC6: pending | BE6: PT Teluk Pursel Sejahtera | BF6: telukpurselpurwokerto@gmail.com | BG6: document_strttk | BH6: /legal_documents/company/4913/document_strttk.pdf | BI6: 46329 | BJ6: pending | BL6: Apotek Rawa Bendungan | BM6: febianamelisa123@gmail.com | BN6: document_surat_izin_apotek | BO6: /legal_documents/company/1622/document_surat_izin_apotek.pdf | BP6: 46055 | BQ6: pending
A7: Apotek Pratama K2 | B7: apotekpratamak2mb1@gmail.com | C7: document_foto_lokasi_bagunan_fisik | D7: /legal_documents/company/3991/document_foto_lokasi_bagunan_fisik.jpeg | F7: pending | H7: APOTEK ACHA FARMA | I7: medbizkftd+10077803@gmail.com | J7: document_ktp_pemilik_sarana | K7: /legal_documents/company/7401/document_ktp_pemilik_sarana.png | M7: pending | O7: RS EMANUEL BANJARNEGARA | P7: rs.emanuelbna@gmail.com | Q7: document_npwp | R7: /legal_documents/company/1999/document_npwp.jpeg | T7: pending | V7: PT. KA DUA EMPAT | W7: ibrahimmalik504@gmail.com | X7: document_sertifikasi_cdob | Y7: /legal_documents/company/4268/document_sertifikasi_cdob.pdf | Z7: 46695 | AA7: pending | AC7: PT. MITRA KELUARGA MANDIRI PAPUA | AD7: eko@mkmp.co.id | AE7: document_sertifikat_cdakb | AF7: /legal_documents/company/3749/document_sertifikat_cdakb.pdf | AG7: 45509 | AH7: pending | AJ7: APT. ADHI GUNA FARMA | AK7: adhigunafarma.01@gmail.com | AL7: document_sipa_sika_apoteker | AM7: /legal_documents/company/2717/document_sipa_sika_apoteker.jpg | AN7: 46537 | AO7: pending | AQ7: Apotek Mutiara Farma | AR7: aptmutiarafarma1@gmail.com | AS7: document_siup | AT7: /legal_documents/company/3926/document_siup.jpeg | AU7: 46113 | AV7: pending | AX7: RS EMANUEL BANJARNEGARA | AY7: rs.emanuelbna@gmail.com | AZ7: document_stra_apoteker | BA7: /legal_documents/company/1999/document_stra_apoteker.jpeg | BB7: 46318 | BC7: pending | BE7: Toko Obat Adek Padang | BF7: toadekpdg@gmail.com | BG7: document_strttk | BH7: /legal_documents/company/5007/document_strttk.pdf | BI7: 46149 | BJ7: pending | BL7: Apotek Irawan Medika | BM7: apotekirawanmedikamb1@gmail.com | BN7: document_surat_izin_apotek | BO7: /legal_documents/company/3990/document_surat_izin_apotek.jpeg | BP7: 45780 | BQ7: pending
A8: apotek Mata Merah | B8: apotekmatamerahmb1@gmail.com | C8: document_foto_lokasi_bagunan_fisik | D8: /legal_documents/company/3992/document_foto_lokasi_bagunan_fisik.pdf | F8: pending | H8: RSU. PROF ALOEI SABOE | I8: medbizkftd+10006176@gmail.com | J8: document_ktp_pemilik_sarana | K8: /legal_documents/company/8766/document_ktp_pemilik_sarana.jpeg | M8: pending | O8: Apotek Rawa Bendungan | P8: febianamelisa123@gmail.com | Q8: document_npwp | R8: /legal_documents/company/1622/document_npwp.pdf | T8: pending | V8: PT. Sumber Agung Sentosa | W8: ptsas.mail@gmail.com | X8: document_sertifikasi_cdob | Y8: /legal_documents/company/4292/document_sertifikasi_cdob.pdf | Z8: 45654 | AA8: pending | AC8: PT. Omega Medika Gemilang | AD8: omegamedikagemilang123@gmail.com | AE8: document_sertifikat_cdakb | AF8: /legal_documents/company/2212/document_sertifikat_cdakb.jpeg | AG8: 46598 | AH8: pending | AJ8: RS EMANUEL BANJARNEGARA | AK8: rs.emanuelbna@gmail.com | AL8: document_sipa_sika_apoteker | AM8: /legal_documents/company/1999/document_sipa_sika_apoteker.jpeg | AN8: 46318 | AO8: pending | AQ8: APT. ADHI GUNA FARMA | AR8: adhigunafarma.01@gmail.com | AS8: document_siup | AT8: /legal_documents/company/2717/document_siup.pdf | AU8: 46537 | AV8: pending | AX8: Apotek Rawa Bendungan | AY8: febianamelisa123@gmail.com | AZ8: document_stra_apoteker | BA8: /legal_documents/company/1622/document_stra_apoteker.pdf | BB8: 46055 | BC8: pending | BE8: PT Pancabala Jaya Makmur | BF8: ptpancabalajayamakmur@gmail.com | BG8: document_strttk | BH8: /legal_documents/company/1917/document_strttk.jpg | BI8: 46195 | BJ8: pending | BL8: Apotek Pratama K2 | BM8: apotekpratamak2mb1@gmail.com | BN8: document_surat_izin_apotek | BO8: /legal_documents/company/3991/document_surat_izin_apotek.jpeg | BP8: 46023 | BQ8: pending
A9: Apotek Simpang Limo | B9: apoteksimpanglimomb1@gmail.com | C9: document_foto_lokasi_bagunan_fisik | D9: /legal_documents/company/3993/document_foto_lokasi_bagunan_fisik.jpeg | F9: pending | H9: Apotek Sulthan | I9: rinhope2023@gmail.com | J9: document_ktp_pemilik_sarana | K9: /legal_documents/company/34585/document_ktp_pemilik_sarana.jpeg | M9: pending | O9: Apotek Irawan Medika | P9: apotekirawanmedikamb1@gmail.com | Q9: document_npwp | R9: /legal_documents/company/3990/document_npwp.jpeg | T9: pending | V9: PT Karunia Mitra Distribusi | W9: ptkaruniamitradistribusimb1@gmail.com | X9: document_sertifikasi_cdob | Y9: /legal_documents/company/3998/document_sertifikasi_cdob.pdf | Z9: 45329 | AA9: pending | AC9: PT. Bintang Timur Husada | AD9: pt.bthpapua@gmail.com | AE9: document_sertifikat_cdakb | AF9: /legal_documents/company/5050/document_sertifikat_cdakb.pdf | AG9: 45909 | AH9: pending | AJ9: Apotek Rawa Bendungan | AK9: febianamelisa123@gmail.com | AL9: document_sipa_sika_apoteker | AM9: /legal_documents/company/1622/document_sipa_sika_apoteker.pdf | AN9: 46055 | AO9: pending | AQ9: RS EMANUEL BANJARNEGARA | AR9: rs.emanuelbna@gmail.com | AS9: document_siup | AT9: /legal_documents/company/1999/document_siup.png | AU9: 45398 | AV9: pending | AX9: Apotek Irawan Medika | AY9: apotekirawanmedikamb1@gmail.com | AZ9: document_stra_apoteker | BA9: /legal_documents/company/3990/document_stra_apoteker.jpeg | BB9: 45780 | BC9: pending | BE9: PT Berkat Mahkota Putra | BF9: ptberkatmahkotaputra@gmail.com | BG9: document_strttk | BH9: /legal_documents/company/1915/document_strttk.pdf | BI9: 46235 | BJ9: pending | BL9: Bima Sakti medica | BM9: ptbimasaktimedicamb1@gmail.com | BN9: document_surat_izin_pbf | BO9: /legal_documents/company/3895/document_surat_izin_pbf.jpeg | BP9: 45210 | BQ9: pending
A10: Apotek Refah | B10: apotekrefahmb1@gmail.com | C10: document_foto_lokasi_bagunan_fisik | D10: /legal_documents/company/3994/document_foto_lokasi_bagunan_fisik.jpeg | F10: pending | H10: APOTEK AL-ZAHRAWI | I10: apotekalzahrawi@gmail.com | J10: document_ktp_pemilik_sarana | K10: /legal_documents/company/34587/document_ktp_pemilik_sarana.jpeg | M10: pending | O10: Apotek Pratama K2 | P10: apotekpratamak2mb1@gmail.com | Q10: document_npwp | R10: /legal_documents/company/3991/document_npwp.jpeg | T10: pending | V10: PT Millenia Dharma Insani | W10: ptmilleniadharmainsani@gmail.com | X10: document_sertifikasi_cdob | Y10: /legal_documents/company/4348/document_sertifikasi_cdob.pdf | Z10: 45518 | AA10: pending | AC10: PT. Sakyo Putra Pratama | AD10: putrasakyo@gmail.com | AE10: document_sertifikat_cdakb | AF10: /legal_documents/company/1964/document_sertifikat_cdakb.PDF | AG10: 45807 | AH10: pending | AJ10: Apotek Irawan Medika | AK10: apotekirawanmedikamb1@gmail.com | AL10: document_sipa_sika_apoteker | AM10: /legal_documents/company/3990/document_sipa_sika_apoteker.jpeg | AN10: 45780 | AO10: pending | AQ10: Apotek Rawa Bendungan | AR10: febianamelisa123@gmail.com | AS10: document_siup | AT10: /legal_documents/company/1622/document_siup.pdf | AU10: 46055 | AV10: pending | AX10: Apotek Pratama K2 | AY10: apotekpratamak2mb1@gmail.com | AZ10: document_stra_apoteker | BA10: /legal_documents/company/3991/document_stra_apoteker.jpeg | BB10: 46382 | BC10: pending | BE10: PT. MITRA KELUARGA MANDIRI PAPUA | BF10: eko@mkmp.co.id | BG10: document_strttk | BH10: /legal_documents/company/3749/document_strttk.pdf | BI10: 45509 | BJ10: pending | BL10: apotek Mata Merah | BM10: apotekmatamerahmb1@gmail.com | BN10: document_surat_izin_apotek | BO10: /legal_documents/company/3992/document_surat_izin_apotek.pdf | BP10: 46637 | BQ10: pending
A11: RS. PMI BOGOR | B11: rspmibogor123@gmail.com | C11: document_foto_lokasi_bagunan_fisik | D11: /legal_documents/company/2145/document_foto_lokasi_bagunan_fisik.pdf | F11: pending | H11: APOTEK KUSUMA FARMA | I11: inggritharoa10@gmail.com | J11: document_ktp_pemilik_sarana | K11: /legal_documents/company/5173/document_ktp_pemilik_sarana.jpeg | M11: pending | O11: Bima Sakti medica | P11: ptbimasaktimedicamb1@gmail.com | Q11: document_npwp | R11: /legal_documents/company/3895/document_npwp.jpeg | T11: pending | V11: PT. PAPUA SUKSES ABADI | W11: papua.sukses.abadi@gmail.com | X11: document_sertifikasi_cdob | Y11: /legal_documents/company/4307/document_sertifikasi_cdob.PDF | Z11: 45883 | AA11: pending | AC11: PT. Medimart Mega Rezeki | AD11: medimartmegarezeki123@gmail.com | AE11: document_sertifikat_cdakb | AF11: /legal_documents/company/3324/document_sertifikat_cdakb.pdf | AG11: 46580 | AH11: pending | AJ11: Apotek Pratama K2 | AK11: apotekpratamak2mb1@gmail.com | AL11: document_sipa_sika_apoteker | AM11: /legal_documents/company/3991/document_sipa_sika_apoteker.jpeg | AN11: 46382 | AO11: pending | AQ11: Apotek Irawan Medika | AR11: apotekirawanmedikamb1@gmail.com | AS11: document_siup | AT11: /legal_documents/company/3990/document_siup.jpeg | AU11: 45780 | AV11: pending | AX11: Bima Sakti medica | AY11: ptbimasaktimedicamb1@gmail.com | AZ11: document_stra_apoteker | BA11: /legal_documents/company/3895/document_stra_apoteker.jpeg | BB11: 45520 | BC11: pending | BE11: PT. Omega Medika Gemilang | BF11: omegamedikagemilang123@gmail.com | BG11: document_strttk | BH11: /legal_documents/company/2212/document_strttk.jpeg | BI11: 46023 | BJ11: pending | BL11: Apotek Simpang Limo | BM11: apoteksimpanglimomb1@gmail.com | BN11: document_surat_izin_apotek | BO11: /legal_documents/company/3993/document_surat_izin_apotek.jpeg | BP11: 46160 | BQ11: pending
A12: APT. DUNIA SEHAT I | B12: elliyusnimar66@gmail.com | C12: document_foto_lokasi_bagunan_fisik | D12: /legal_documents/company/3737/document_foto_lokasi_bagunan_fisik.jpg | F12: pending | H12: apotek ibrarfarma 09 | I12: apotekibrarfarma09@gmail.com | J12: document_ktp_pemilik_sarana | K12: /legal_documents/company/34589/document_ktp_pemilik_sarana.jpeg | M12: pending | O12: apotek Mata Merah | P12: apotekmatamerahmb1@gmail.com | Q12: document_npwp | R12: /legal_documents/company/3992/document_npwp.pdf | T12: pending | V12: PT. KIMIA FARMA TRADING AND DISTRIBUTION | W12: KFTDMALANG@YAHOO.CO.ID | X12: document_sertifikasi_cdob | Y12: /legal_documents/company/4357/document_sertifikasi_cdob.pdf | Z12: 46670 | AA12: pending | AC12: PT. Matahari Utama Sehat | AD12: Apotekerrenny@gmail.com | AE12: document_sertifikat_cdakb | AF12: /legal_documents/company/3752/document_sertifikat_cdakb.pdf | AG12: 45883 | AH12: pending | AJ12: Bima Sakti medica | AK12: ptbimasaktimedicamb1@gmail.com | AL12: document_sipa_sika_apoteker | AM12: /legal_documents/company/3895/document_sipa_sika_apoteker.jpeg | AN12: 45520 | AO12: pending | AQ12: Apotek Pratama K2 | AR12: apotekpratamak2mb1@gmail.com | AS12: document_siup | AT12: /legal_documents/company/3991/document_siup.jpeg | AU12: 46370 | AV12: pending | AX12: apotek Mata Merah | AY12: apotekmatamerahmb1@gmail.com | AZ12: document_stra_apoteker | BA12: /legal_documents/company/3992/document_stra_apoteker.pdf | BB12: 46637 | BC12: pending | BE12: PT. Bintang Timur Husada | BF12: pt.bthpapua@gmail.com | BG12: document_strttk | BH12: /legal_documents/company/5050/document_strttk.pdf | BI12: 45909 | BJ12: pending | BL12: Apotek Refah | BM12: apotekrefahmb1@gmail.com | BN12: document_surat_izin_apotek | BO12: /legal_documents/company/3994/document_surat_izin_apotek.jpeg | BP12: 46394 | BQ12: pending
A13: Apotik Berkat | B13: amar160721@gmail.com | C13: document_foto_lokasi_bagunan_fisik | D13: /legal_documents/company/3925/document_foto_lokasi_bagunan_fisik.jpg | F13: pending | H13: Apotek Bonang Farma | I13: muzamil050574@gmail.com | J13: document_ktp_pemilik_sarana | K13: /legal_documents/company/4747/document_ktp_pemilik_sarana.pdf | M13: pending | O13: Apotek Simpang Limo | P13: apoteksimpanglimomb1@gmail.com | Q13: document_npwp | R13: /legal_documents/company/3993/document_npwp.jpeg | T13: pending | V13: PT. Rinjani Farma | W13: ptrinjanifarma@gmail.com | X13: document_sertifikasi_cdob | Y13: /legal_documents/company/4369/document_sertifikasi_cdob.pdf | Z13: 45965 | AA13: pending | AC13: PT. MUTIARA MAJU MANDIRI | AD13: mutiaramajumandiript@gmail.com | AE13: document_sertifikat_cdakb | AF13: /legal_documents/company/1990/document_sertifikat_cdakb.jpg | AG13: 46097 | AH13: pending | AJ13: apotek Mata Merah | AK13: apotekmatamerahmb1@gmail.com | AL13: document_sipa_sika_apoteker | AM13: /legal_documents/company/3992/document_sipa_sika_apoteker.pdf | AN13: 46637 | AO13: pending | AQ13: Bima Sakti medica | AR13: ptbimasaktimedicamb1@gmail.com | AS13: document_siup | AT13: /legal_documents/company/3895/document_siup.jpeg | AU13: 47099 | AV13: pending | AX13: Apotek Simpang Limo | AY13: apoteksimpanglimomb1@gmail.com | AZ13: document_stra_apoteker | BA13: /legal_documents/company/3993/document_stra_apoteker.jpeg | BB13: 46297 | BC13: pending | BE13: PT. Sakyo Putra Pratama | BF13: putrasakyo@gmail.com | BG13: document_strttk | BH13: /legal_documents/company/1964/document_strttk.pdf | BI13: 46459 | BJ13: pending | BL13: Apotik Mahameru | BM13: apotikmahameru@gmail.com | BN13: document_surat_izin_apotek | BO13: /legal_documents/company/3995/document_surat_izin_apotek.jpeg | BP13: 45855 | BQ13: pending
A14: APT. KRAJAN FARMA KRIAN | B14: apotekkrajan@gmail.com | C14: document_foto_lokasi_bagunan_fisik | D14: /legal_documents/company/3945/document_foto_lokasi_bagunan_fisik.jpg | F14: pending | H14: Apotek Pajampangan | I14: muhamaddawilafkar21@gmail.com | J14: document_ktp_pemilik_sarana | K14: /legal_documents/company/34591/document_ktp_pemilik_sarana.pdf | M14: pending | O14: Apotek Refah | P14: apotekrefahmb1@gmail.com | Q14: document_npwp | R14: /legal_documents/company/3994/document_npwp.jpeg | T14: pending | V14: PT Aman Farmasindo Abadi | W14: 79suhendra@gmail.com | X14: document_sertifikasi_cdob | Y14: /legal_documents/company/2954/document_sertifikasi_cdob.PDF | Z14: 46268 | AA14: pending | AC14: PT. Sinar Bintang Papua | AD14: sinarbintangpapua88@gmail.com | AE14: document_sertifikat_cdakb | AF14: /legal_documents/company/5126/document_sertifikat_cdakb.pdf | AG14: 45955 | AH14: pending | AJ14: Apotek Simpang Limo | AK14: apoteksimpanglimomb1@gmail.com | AL14: document_sipa_sika_apoteker | AM14: /legal_documents/company/3993/document_sipa_sika_apoteker.jpeg | AN14: 46224 | AO14: pending | AQ14: apotek Mata Merah | AR14: apotekmatamerahmb1@gmail.com | AS14: document_siup | AT14: /legal_documents/company/3992/document_siup.pdf | AU14: 46637 | AV14: pending | AX14: Apotek Refah | AY14: apotekrefahmb1@gmail.com | AZ14: document_stra_apoteker | BA14: /legal_documents/company/3994/document_stra_apoteker.jpeg | BB14: 46394 | BC14: pending | BE14: PT. Medimart Mega Rezeki | BF14: medimartmegarezeki123@gmail.com | BG14: document_strttk | BH14: /legal_documents/company/3324/document_strttk.pdf | BI14: 46054 | BJ14: pending | BL14: APT. VILLY FARMA 2 | BM14: Villyfarma2@gmail.com | BN14: document_surat_izin_apotek | BO14: /legal_documents/company/3922/document_surat_izin_apotek.jpeg | BP14: 46265 | BQ14: pending
... A21: APT. PRAYOGI | B21: widjajaprayogi@gmail.com | C21: document_foto_lokasi_bagunan_fisik | D21: /legal_documents/company/2344/document_foto_lokasi_bagunan_fisik.jpg | F21: pending | H21: APOTEK GEMA SEHAT | I21: PUTRI.SOLIRA@GMAIL.COM | J21: document_ktp_pemilik_sarana | K21: /legal_documents/company/22786/document_ktp_pemilik_sarana.jpeg | M21: pending | O21: APT. SEJAHTERA MEDIKA BANGKALAN | P21: aptmuthmainnah@gmail.com | Q21: document_npwp | R21: /legal_documents/company/3458/document_npwp.jpeg | T21: pending | V21: PT. Gelora Fajar Farma | W21: gelora.fajar@yahoo.com | X21: document_sertifikasi_cdob | Y21: /legal_documents/company/4629/document_sertifikasi_cdob.pdf | Z21: 45628 | AA21: pending | AC21: PT. FEGRAMAX MITRA MANDIRI | AD21: fegramaxmitramandiri@gmail.com | AE21: document_sertifikat_cdakb | AF21: /legal_documents/company/6275/document_sertifikat_cdakb.pdf | AG21: 45541 | AH21: pending | AJ21: RS. PMI BOGOR | AK21: rspmibogor123@gmail.com | AL21: document_sipa_sika_apoteker | AM21: /legal_documents/company/2145/document_sipa_sika_apoteker.pdf | AN21: 47483 | AO21: pending | AQ21: RS. PMI BOGOR | AR21: rspmibogor123@gmail.com | AS21: document_siup | AT21: /legal_documents/company/2145/document_siup.pdf | AU21: 46387 | AV21: pending | AX21: APT. DUNIA SEHAT I | AY21: elliyusnimar66@gmail.com | AZ21: document_stra_apoteker | BA21: /legal_documents/company/3737/document_stra_apoteker.pdf | BB21: 46038 | BC21: pending | BE21: PT. Utama Binafarma | BF21: pt.utama.binafarma.order@gmail.com | BG21: document_strttk | BH21: /legal_documents/company/5432/document_strttk.jpg | BI21: 44983 | BJ21: pending | BL21: Apotek Yani baru | BM21: yanibaru07@gmail.com | BN21: document_surat_izin_apotek | BO21: /legal_documents/company/3892/document_surat_izin_apotek.pdf | BP21: 46032 | BQ21: pending
A22: Apotek Kulon Palang | B22: kulonpalang47@gmail.com | C22: document_foto_lokasi_bagunan_fisik | D22: /legal_documents/company/3797/document_foto_lokasi_bagunan_fisik.pdf | F22: pending | H22: Apotek kreweng | I22: apoteksmkreweng@gmail.com | J22: document_ktp_pemilik_sarana | K22: /legal_documents/company/1614/document_ktp_pemilik_sarana.jpeg | M22: pending | O22: APT. DUNIA SEHAT I | P22: elliyusnimar66@gmail.com | Q22: document_npwp | R22: /legal_documents/company/3737/document_npwp.jpg | T22: pending | V22: PT. Graha Sejati Medika | W22: Gsmgrahasejati@gmail.com | X22: document_sertifikasi_cdob | Y22: /legal_documents/company/4718/document_sertifikasi_cdob.pdf | Z22: 45576 | AA22: pending | AC22: PT. BUNDA GLOBAL PHARMA | AD22: drafdi@gmail.com | AE22: document_sertifikat_cdakb | AF22: /legal_documents/company/6272/document_sertifikat_cdakb.pdf | AG22: 46275 | AH22: pending | AJ22: APT. SEJAHTERA MEDIKA BANGKALAN | AK22: aptmuthmainnah@gmail.com | AL22: document_sipa_sika_apoteker | AM22: /legal_documents/company/3458/document_sipa_sika_apoteker.jpeg | AN22: 45806 | AO22: pending | AQ22: APT. DUNIA SEHAT I | AR22: elliyusnimar66@gmail.com | AS22: document_siup | AT22: /legal_documents/company/3737/document_siup.pdf | AU22: 46038 | AV22: pending | AX22: Apotik winning | AY22: apotikwinning@gmail.com | AZ22: document_stra_apoteker | BA22: /legal_documents/company/3996/document_stra_apoteker.jpeg | BB22: 46502 | BC22: pending | BE22: Toko Obat Mama En | BF22: tomama.en@gmail.com | BG22: document_strttk | BH22: /legal_documents/company/5669/document_strttk.pdf | BJ22: pending | BL22: APT. MONICA | BM22: aptmonica96@gmail.com | BN22: document_surat_izin_apotek | BO22: /legal_documents/company/4002/document_surat_izin_apotek.pdf | BP22: 46052 | BQ22: pending
A23: RSU ANNIMAH | B23: annimahrsu@gmail.com | C23: document_foto_lokasi_bagunan_fisik | D23: /legal_documents/company/4057/document_foto_lokasi_bagunan_fisik.pdf | F23: pending | H23: APOTEK ADIRO | I23: adiropharmacy@gmail.com | J23: document_ktp_pemilik_sarana | K23: /legal_documents/company/20636/document_ktp_pemilik_sarana.jpeg | M23: pending | O23: RSUD Lubuk Sikaping | P23: rsudlubuksikaping1@gmail.com | Q23: document_npwp | R23: /legal_documents/company/3997/document_npwp.pdf | T23: pending | V23: PT. Nusa Jaya Raya | W23: nusajayarayapt@gmail.com | X23: document_sertifikasi_cdob | Y23: /legal_documents/company/4727/document_sertifikasi_cdob.pdf | Z23: 45214 | AA23: pending | AC23: PT LOGIN SUKSES | AD23: sukses.login@yahoo.co.id | AE23: document_sertifikat_cdakb | AF23: /legal_documents/company/3251/document_sertifikat_cdakb.pdf | AH23: pending | AJ23: APT. DUNIA SEHAT I | AK23: elliyusnimar66@gmail.com | AL23: document_sipa_sika_apoteker | AM23: /legal_documents/company/3737/document_sipa_sika_apoteker.pdf | AN23: 46038 | AO23: pending | AQ23: APT. SEJAHTERA MEDIKA BANGKALAN | AR23: aptmuthmainnah@gmail.com | AS23: document_siup | AT23: /legal_documents/company/3458/document_siup.jpeg | AU23: 46536 | AV23: pending | AX23: RSUD Lubuk Sikaping | AY23: rsudlubuksikaping1@gmail.com | AZ23: document_stra_apoteker | BA23: /legal_documents/company/3997/document_stra_apoteker.pdf | BB23: 46091 | BC23: pending | BE23: PT. Adi Pratama Farma | BF23: apf.medbiz@gmail.com | BG23: document_strttk | BH23: /legal_documents/company/5748/document_strttk.jpeg | BI23: 46175 | BJ23: pending | BL23: Apotik Berkat | BM23: amar160721@gmail.com | BN23: document_surat_izin_apotek | BO23: /legal_documents/company/3925/document_surat_izin_apotek.jpg | BP23: 46299 | BQ23: pending
A24: Rumah Sakit Mardi Rahayu | B24: pembelianmedis@gmail.com | C24: document_foto_lokasi_bagunan_fisik | D24: /legal_documents/company/2348/document_foto_lokasi_bagunan_fisik.jpg | F24: pending | H24: KLINIK PERSADA MEDICAL | I24: apotekpersadamedical@gmail.com | J24: document_ktp_pemilik_sarana | K24: /legal_documents/company/5715/document_ktp_pemilik_sarana.jpeg | M24: pending | O24: Apotek Yani baru | P24: yanibaru07@gmail.com | Q24: document_npwp | R24: /legal_documents/company/3892/document_npwp.pdf | T24: pending | V24: PT. Sejahtera Harapan Tigas | W24: pbf.sehati@gmail.com | X24: document_sertifikasi_cdob | Y24: /legal_documents/company/4725/document_sertifikasi_cdob.PDF | Z24: 46116 | AA24: pending | AJ24: RSUD Lubuk Sikaping | AK24: rsudlubuksikaping1@gmail.com | AL24: document_sipa_sika_apoteker | AM24: /legal_documents/company/3997/document_sipa_sika_apoteker.pdf | AN24: 46091 | AO24: pending | AQ24: RSUD Lubuk Sikaping | AR24: rsudlubuksikaping1@gmail.com | AS24: document_siup | AT24: /legal_documents/company/3997/document_siup.pdf | AU24: 46091 | AV24: pending | AX24: Apotek Yani baru | AY24: yanibaru07@gmail.com | AZ24: document_stra_apoteker | BA24: /legal_documents/company/3892/document_stra_apoteker.pdf | BB24: 46032 | BC24: pending | BE24: PT. Oasis Mitra Alkes | BF24: oasismitraalkes@gmail.com | BG24: document_strttk | BH24: /legal_documents/company/5782/document_strttk.pdf | BI24: 45933 | BJ24: pending | BL24: APT GANESA | BM24: apotekganesasanglah@gmail.com | BN24: document_surat_izin_apotek | BO24: /legal_documents/company/2747/document_surat_izin_apotek.pdf | BP24: 46124 | BQ24: pending
A25: APOTEKKU HEALING PHARMACY MUNGGU | B25: apotekku.munggu@gmail.com | C25: document_foto_lokasi_bagunan_fisik | D25: /legal_documents/company/4059/document_foto_lokasi_bagunan_fisik.jpg | F25: pending | H25: APOTEK SITU FARMA | I25: medbizkftd+20003140@gmail.com | J25: document_ktp_pemilik_sarana | K25: /legal_documents/company/25849/document_ktp_pemilik_sarana.pdf | M25: pending | O25: APT. MONICA | P25: aptmonica96@gmail.com | Q25: document_npwp | R25: /legal_documents/company/4002/document_npwp.pdf | T25: pending | V25: PT. Karya Tri Andita | W25: freddyhidayatw@yahoo.com | X25: document_sertifikasi_cdob | Y25: /legal_documents/company/4734/document_sertifikasi_cdob.PDF | Z25: 45981 | AA25: pending | AJ25: Apotek Yani baru | AK25: yanibaru07@gmail.com | AL25: document_sipa_sika_apoteker | AM25: /legal_documents/company/3892/document_sipa_sika_apoteker.pdf | AN25: 46032 | AO25: pending | AQ25: Apotik winning | AR25: apotikwinning@gmail.com | AS25: document_siup | AT25: /legal_documents/company/3996/document_siup.jpeg | AU25: 46502 | AV25: pending | AX25: APT. MONICA | AY25: aptmonica96@gmail.com | AZ25: document_stra_apoteker | BA25: /legal_documents/company/4002/document_stra_apoteker.pdf | BB25: 46052 | BC25: pending | BE25: PT. Fitlab Utama Karya | BF25: radhityafebriansyah88@gmail.com | BG25: document_strttk | BH25: /legal_documents/company/6033/document_strttk.pdf | BI25: 46626 | BJ25: pending | BL25: APT. KESEHATAN PADJAJARAN | BM25: apotek.unpad@gmail.com | BN25: document_surat_izin_apotek | BO25: /legal_documents/company/3811/document_surat_izin_apotek.pdf | BP25: 47848 | BQ25: pending
A26: Bahana Medical Clinic | B26: andisumrianidarpan@gmail.com | C26: document_foto_lokasi_bagunan_fisik | D26: /legal_documents/company/4007/document_foto_lokasi_bagunan_fisik.jpg | F26: pending | H26: PT. Daun Teratai Herbalife | I26: rendydth@gmail.com | J26: document_ktp_pemilik_sarana | K26: /legal_documents/company/34614/document_ktp_pemilik_sarana.pdf | M26: pending | O26: Apotik Berkat | P26: amar160721@gmail.com | Q26: document_npwp | R26: /legal_documents/company/3925/document_npwp.jpg | T26: pending | V26: PT. Barotama Mulya Perkasa | W26: barotamamp21@gmail.com | X26: document_sertifikasi_cdob | Y26: /legal_documents/company/4767/document_sertifikasi_cdob.pdf | Z26: 45889 | AA26: pending | AJ26: APT. MONICA | AK26: aptmonica96@gmail.com | AL26: document_sipa_sika_apoteker | AM26: /legal_documents/company/4002/document_sipa_sika_apoteker.pdf | AN26: 46052 | AO26: pending | AQ26: Apotek Yani baru | AR26: yanibaru07@gmail.com | AS26: document_siup | AT26: /legal_documents/company/3892/document_siup.pdf | AU26: 46032 | AV26: pending | AX26: Apotik Berkat | AY26: amar160721@gmail.com | AZ26: document_stra_apoteker | BA26: /legal_documents/company/3925/document_stra_apoteker.jpg | BB26: 45854 | BC26: pending | BE26: PT. Gamma Abadi Mandiri | BF26: ptgammaabadimandirilpg@gmail.com | BG26: document_strttk | BH26: /legal_documents/company/6161/document_strttk.jpeg | BI26: 45566 | BJ26: pending | BL26: APT.BANTUAN | BM26: apotikbantuan@gmail.com | BN26: document_surat_izin_apotek | BO26: /legal_documents/company/3794/document_surat_izin_apotek.pdf | BP26: 45693 | BQ26: pending
A27: RSU BUNDA | B27: rsbundapwkt@gmail.com | C27: document_foto_lokasi_bagunan_fisik | D27: /legal_documents/company/4071/document_foto_lokasi_bagunan_fisik.jpg | F27: pending | H27: APOTEK ACHA FARMA II | I27: medbizkftd+10085798@gmail.com | J27: document_ktp_pemilik_sarana | K27: /legal_documents/company/20285/document_ktp_pemilik_sarana.png | M27: pending | O27: APT GANESA | P27: apotekganesasanglah@gmail.com | Q27: document_npwp | R27: /legal_documents/company/2747/document_npwp.pdf | T27: pending | V27: PT. Praba Baraka Jaya | W27: ptprababarakajaya@gmail.com | X27: document_sertifikasi_cdob | Y27: /legal_documents/company/4776/document_sertifikasi_cdob.PDF | Z27: 46124 | AA27: pending | AJ27: Apotik Berkat | AK27: amar160721@gmail.com | AL27: document_sipa_sika_apoteker | AM27: /legal_documents/company/3925/document_sipa_sika_apoteker.jpg | AN27: 45854 | AO27: pending | AQ27: APT. MONICA | AR27: aptmonica96@gmail.com | AS27: document_siup | AT27: /legal_documents/company/4002/document_siup.pdf | AU27: 46052 | AV27: pending | AX27: APT GANESA | AY27: apotekganesasanglah@gmail.com | AZ27: document_stra_apoteker | BA27: /legal_documents/company/2747/document_stra_apoteker.pdf | BB27: 46124 | BC27: pending | BE27: PT. Wuni Sejahtera | BF27: wunisejahtera212@gmail.com | BG27: document_strttk | BH27: /legal_documents/company/1926/document_strttk.pdf | BI27: 46751 | BJ27: pending | BL27: APOTEK MUSLIMAH FARMA | BM27: aptmuslimahfarma@gmail.com | BN27: document_surat_izin_apotek | BO27: /legal_documents/company/4017/document_surat_izin_apotek.pdf | BP27: 46185 | BQ27: pending
A28: Apotek Selayang | B28: baharlubis786@gmail.com | C28: document_foto_lokasi_bagunan_fisik | D28: /legal_documents/company/3874/document_foto_lokasi_bagunan_fisik.pdf | F28: pending | H28: APOTEK YULIA FARMA | I28: medbizkftd+10077986@gmail.com | J28: document_ktp_pemilik_sarana | K28: /legal_documents/company/14000/document_ktp_pemilik_sarana.jpeg | M28: pending | O28: RS. NAILI DBS | P28: farmasi.ndbs@gmail.com | Q28: document_npwp | R28: /legal_documents/company/3497/document_npwp.jpg | T28: pending | V28: PT Trisnia Pharma Medika | W28: trisinapharmamedika@gmail.com | X28: document_sertifikasi_cdob | Y28: /legal_documents/company/4771/document_sertifikasi_cdob.png | Z28: 45831 | AA28: pending | AJ28: APT. KRAJAN FARMA KRIAN | AK28: apotekkrajan@gmail.com | AL28: document_sipa_sika_apoteker | AM28: /legal_documents/company/3945/document_sipa_sika_apoteker.jpg | AN28: 46215 | AO28: pending | AQ28: Apotik Berkat | AR28: amar160721@gmail.com | AS28: document_siup | AT28: /legal_documents/company/3925/document_siup.jpg | AU28: 46299 | AV28: pending | AX28: RS. NAILI DBS | AY28: farmasi.ndbs@gmail.com | AZ28: document_stra_apoteker | BA28: /legal_documents/company/3497/document_stra_apoteker.jpg | BB28: 46046 | BC28: pending | BE28: PT. BUNDA GLOBAL PHARMA | BF28: drafdi@gmail.com | BG28: document_strttk | BH28: /legal_documents/company/6272/document_strttk.pdf | BI28: 45237 | BJ28: pending | BL28: APT. CIROYOM | BM28: apotekating11@gmail.com | BN28: document_surat_izin_apotek | BO28: /legal_documents/company/3857/document_surat_izin_apotek.pdf | BP28: 45531 | BQ28: pending
A29: Apotek Ulfa Farma | B29: farmaulfa@gmail.com | C29: document_foto_lokasi_bagunan_fisik | D29: /legal_documents/company/4064/document_foto_lokasi_bagunan_fisik.pdf | F29: pending | H29: APOTEK SERUNI 2 | I29: medbizkftd+10076876@gmail.com | J29: document_ktp_pemilik_sarana | K29: /legal_documents/company/15897/document_ktp_pemilik_sarana.pdf | M29: pending | O29: APT.BANTUAN | P29: apotikbantuan@gmail.com | Q29: document_npwp | R29: /legal_documents/company/3794/document_npwp.pdf | T29: pending | V29: PT. Rajawali Nusindo Cab Semarang | W29: rajawalinusindosmg@gmail.com | X29: document_sertifikasi_cdob | Y29: /legal_documents/company/4781/document_sertifikasi_cdob.PDF | Z29: 45986 | AA29: pending | AJ29: APT GANESA | AK29: apotekganesasanglah@gmail.com | AL29: document_sipa_sika_apoteker | AM29: /legal_documents/company/2747/document_sipa_sika_apoteker.pdf | AN29: 46124 | AO29: pending | AQ29: APT. KRAJAN FARMA KRIAN | AR29: apotekkrajan@gmail.com | AS29: document_siup | AT29: /legal_documents/company/3945/document_siup.pdf | AU29: 47821 | AV29: pending | AX29: APT. KESEHATAN PADJAJARAN | AY29: apotek.unpad@gmail.com | AZ29: document_stra_apoteker | BA29: /legal_documents/company/3811/document_stra_apoteker.jpeg | BB29: 46046 | BC29: pending | BE29: TOKO OBAT HASANUDDIN | BF29: medbizkftd+10013040@gmail.com | BG29: document_strttk | BH29: /legal_documents/company/7132/document_strttk.jpeg | BI29: 45520 | BJ29: pending | BL29: Apotek Budi agung | BM29: budiagungbts@gmail.com | BN29: document_surat_izin_apotek | BO29: /legal_documents/company/4019/document_surat_izin_apotek.jpg | BP29: 46472 | BQ29: pending
A30: Rumah Sakit Ibu Anak Restu | B30: Pengadaanrsiarestukasih@gmail.com | C30: document_foto_lokasi_bagunan_fisik | D30: /legal_documents/company/4173/document_foto_lokasi_bagunan_fisik.pdf | F30: pending | H30: Akhmad Alatas | I30: ranufa151@gmail.com | J30: document_ktp_pemilik_sarana | K30: /legal_documents/company/34619/document_ktp_pemilik_sarana.jpeg | M30: pending | O30: APOTEK MUSLIMAH FARMA | P30: aptmuslimahfarma@gmail.com | Q30: document_npwp | R30: /legal_documents/company/4017/document_npwp.pdf | T30: pending | V30: PT. Kokoh Jaya Persada | W30: ptkokohjayapersada@gmail.com | X30: document_sertifikasi_cdob | Y30: /legal_documents/company/4805/document_sertifikasi_cdob.jpeg | Z30: 45916 | AA30: pending | AJ30: RS. NAILI DBS | AK30: farmasi.ndbs@gmail.com | AL30: document_sipa_sika_apoteker | AM30: /legal_documents/company/3497/document_sipa_sika_apoteker.jpg | AN30: 46046 | AO30: pending | AQ30: APT GANESA | AR30: apotekganesasanglah@gmail.com | AS30: document_siup | AT30: /legal_documents/company/2747/document_siup.pdf | AU30: 46124 | AV30: pending | AX30: APT.BANTUAN | AY30: apotikbantuan@gmail.com | AZ30: document_stra_apoteker | BA30: /legal_documents/company/3794/document_stra_apoteker.pdf | BB30: 45693 | BC30: pending | BE30: PT LOGIN SUKSES | BF30: sukses.login@yahoo.co.id | BG30: document_strttk | BH30: /legal_documents/company/3251/document_strttk.pdf | BJ30: pending | BL30: Apotik sederhana | BM30: apotiksederhanasolok123@gmail.com | BN30: document_surat_izin_apotek | BO30: /legal_documents/company/4029/document_surat_izin_apotek.pdf | BP30: 44924 | BQ30: pending
A31: Apotek Maya Farma | B31: novitamayasari487@gmail.com | C31: document_foto_lokasi_bagunan_fisik | D31: /legal_documents/company/4183/document_foto_lokasi_bagunan_fisik.jpg | F31: pending | H31: APOTEK FARHANA | I31: medbizkftd+10080884@gmail.com | J31: document_ktp_pemilik_sarana | K31: /legal_documents/company/23954/document_ktp_pemilik_sarana.jpeg | M31: pending | O31: Apotek Bagas Medika | P31: ngurahsuastikaa@gmail.com | Q31: document_npwp | R31: /legal_documents/company/4015/document_npwp.pdf | T31: pending | V31: PT. Rajawali Nusindo Cabang Padang | W31: rnimedbiz@gmail.com | X31: document_sertifikasi_cdob | Y31: /legal_documents/company/4828/document_sertifikasi_cdob.pdf | Z31: 45253 | AA31: pending | AJ31: APT. KESEHATAN PADJAJARAN | AK31: apotek.unpad@gmail.com | AL31: document_sipa_sika_apoteker | AM31: /legal_documents/company/3811/document_sipa_sika_apoteker.pdf | AN31: 46046 | AO31: pending | AQ31: RS. NAILI DBS | AR31: farmasi.ndbs@gmail.com | AS31: document_siup | AT31: /legal_documents/company/3497/document_siup.jpg | AU31: 46082 | AV31: pending | AX31: APOTEK MUSLIMAH FARMA | AY31: aptmuslimahfarma@gmail.com | AZ31: document_stra_apoteker | BA31: /legal_documents/company/4017/document_stra_apoteker.jpeg | BB31: 46185 | BC31: pending | BE31: PT. LAB MEDIKA SEJAHTERA CABANG MALANG | BF31: adm@mlg.labms.co.id | BG31: document_strttk | BH31: /legal_documents/company/2718/document_strttk.jpeg | BI31: 45658 | BJ31: pending | BL31: PT Citra Sedayuh | BM31: citrasedayuh@gmail.com | BN31: document_surat_izin_pbf | BO31: /legal_documents/company/4032/document_surat_izin_pbf.pdf | BP31: 45231 | BQ31: pending
A32: Apotek Asaku | B32: ayu.juvita@gmail.com | C32: document_foto_lokasi_bagunan_fisik | D32: /legal_documents/company/4178/document_foto_lokasi_bagunan_fisik.jpeg | F32: pending | H32: Apotek Aisyah | I32: apotekaisyah151@gmail.com | J32: document_ktp_pemilik_sarana | K32: /legal_documents/company/34621/document_ktp_pemilik_sarana.jpeg | M32: pending | O32: Apotek Budi agung | P32: budiagungbts@gmail.com | Q32: document_npwp | R32: /legal_documents/company/4019/document_npwp.jpg | T32: pending | V32: PT Karya Davin Nusantara | W32: ptkaryadavinnusantara88@gmail.com | X32: document_sertifikasi_cdob | Y32: /legal_documents/company/4826/document_sertifikasi_cdob.jpeg | Z32: 45965 | AA32: pending | AJ32: APT.BANTUAN | AK32: apotikbantuan@gmail.com | AL32: document_sipa_sika_apoteker | AM32: /legal_documents/company/3794/document_sipa_sika_apoteker.pdf | AN32: 45693 | AO32: pending | AQ32: APT. KESEHATAN PADJAJARAN | AR32: apotek.unpad@gmail.com | AS32: document_siup | AT32: /legal_documents/company/3811/document_siup.pdf | AU32: 46142 | AV32: pending | AX32: APT. CIROYOM | AY32: apotekating11@gmail.com | AZ32: document_stra_apoteker | BA32: /legal_documents/company/3857/document_stra_apoteker.jpeg | BB32: 45531 | BC32: pending | BL32: Apt. Mardiwaras | BM32: mardiwaras@gmail.com | BN32: document_surat_izin_apotek | BO32: /legal_documents/company/4033/document_surat_izin_apotek.pdf | BP32: 46089 | BQ32: pending
A33: CV. Sari Yoga | B33: sariyogacv1@gmail.com | C33: document_foto_lokasi_bagunan_fisik | D33: /legal_documents/company/4194/document_foto_lokasi_bagunan_fisik.jpeg | F33: pending | H33: Apotek harapan jaya | I33: frita_irawan@yahoo.co.id | J33: document_ktp_pemilik_sarana | K33: /legal_documents/company/34623/document_ktp_pemilik_sarana.jpeg | M33: pending | O33: Apotik sederhana | P33: apotiksederhanasolok123@gmail.com | Q33: document_npwp | R33: /legal_documents/company/4029/document_npwp.pdf | T33: pending | V33: PT. Mahakam Sejahtera Abadi | W33: msa.medbiz@gmail.com | X33: document_sertifikasi_cdob | Y33: /legal_documents/company/4833/document_sertifikasi_cdob.pdf | Z33: 46685 | AA33: pending | AJ33: APOTEK MUSLIMAH FARMA | AK33: aptmuslimahfarma@gmail.com | AL33: document_sipa_sika_apoteker | AM33: /legal_documents/company/4017/document_sipa_sika_apoteker.jpeg | AN33: 46185 | AO33: pending | AQ33: APT.BANTUAN | AR33: apotikbantuan@gmail.com | AS33: document_siup | AT33: /legal_documents/company/3794/document_siup.pdf | AU33: 45693 | AV33: pending | AX33: Apotek Budi agung | AY33: budiagungbts@gmail.com | AZ33: document_stra_apoteker | BA33: /legal_documents/company/4019/document_stra_apoteker.jpg | BB33: 46472 | BC33: pending | BL33: Apotek Gammaya | BM33: apgammayamedbiz@gmail.com | BN33: document_surat_izin_apotek | BO33: /legal_documents/company/4035/document_surat_izin_apotek.pdf | BP33: 45550 | BQ33: pending
A34: PT SAGI CAPRI | B34: sagi.capri@yahoo.com | C34: document_foto_lokasi_bagunan_fisik | D34: /legal_documents/company/2143/document_foto_lokasi_bagunan_fisik.pdf | F34: pending | H34: APOTEK ID | I34: medbizkftd+10094154@gmail.com | J34: document_ktp_pemilik_sarana | K34: /legal_documents/company/22690/document_ktp_pemilik_sarana.pdf | M34: pending | O34: PT Citra Sedayuh | P34: citrasedayuh@gmail.com | Q34: document_npwp | R34: /legal_documents/company/4032/document_npwp.pdf | T34: pending | V34: PT Makmur Sejahtera Indah Persada | W34: makmursejahterapersada@gmail.com | X34: document_sertifikasi_cdob | Y34: /legal_documents/company/4879/document_sertifikasi_cdob.pdf | Z34: 45559 | AA34: pending | AJ34: APT. CIROYOM | AK34: apotekating11@gmail.com | AL34: document_sipa_sika_apoteker | AM34: /legal_documents/company/3857/document_sipa_sika_apoteker.jpeg | AN34: 45531 | AO34: pending | AQ34: APOTEK MUSLIMAH FARMA | AR34: aptmuslimahfarma@gmail.com | AS34: document_siup | AT34: /legal_documents/company/4017/document_siup.pdf | AU34: 46185 | AV34: pending | AX34: Apotik sederhana | AY34: apotiksederhanasolok123@gmail.com | AZ34: document_stra_apoteker | BA34: /legal_documents/company/4029/document_stra_apoteker.pdf | BB34: 44924 | BC34: pending | BL34: APOTIK BAROKAH FARMA | BM34: apotikbarokahfarma@gmail.com | BN34: document_surat_izin_apotek | BO34: /legal_documents/company/3872/document_surat_izin_apotek.jpg | BP34: 45354 | BQ34: pending
A35: Apotek Tekad | B35: pt.dian.ariningsih@gmail.com | C35: document_foto_lokasi_bagunan_fisik | D35: /legal_documents/company/4188/document_foto_lokasi_bagunan_fisik.png | F35: pending | H35: APOTEK MS_MEDICINE STATION | I35: adypwt04@gmail.com | J35: document_ktp_pemilik_sarana | K35: /legal_documents/company/22845/document_ktp_pemilik_sarana.jpeg | M35: pending | O35: Apt. Mardiwaras | P35: mardiwaras@gmail.com | Q35: document_npwp | R35: /legal_documents/company/4033/document_npwp.pdf | T35: pending | V35: PT Sempurna Mitra Perkasa | W35: ptsempurnamitraperkasa88@gmail.com | X35: document_sertifikasi_cdob | Y35: /legal_documents/company/4889/document_sertifikasi_cdob.pdf | Z35: 45741 | AA35: pending | AJ35: Apotek Budi agung | AK35: budiagungbts@gmail.com | AL35: document_sipa_sika_apoteker | AM35: /legal_documents/company/4019/document_sipa_sika_apoteker.jpg | AN35: 46472 | AO35: pending | AQ35: APT. CIROYOM | AR35: apotekating11@gmail.com | AS35: document_siup | AT35: /legal_documents/company/3857/document_siup.pdf | AU35: 46166 | AV35: pending | AX35: PT Citra Sedayuh | AY35: citrasedayuh@gmail.com | AZ35: document_stra_apoteker | BA35: /legal_documents/company/4032/document_stra_apoteker.pdf | BB35: 46028 | BC35: pending | BL35: APOTEKKU GUNUNG AGUNG | BM35: ayukristiara@gmail.com | BN35: document_surat_izin_apotek | BO35: /legal_documents/company/4039/document_surat_izin_apotek.pdf | BP35: 45285 | BQ35: pending
A36: RS Siloam Kelapa Dua | B36: rssiloamkelapadua22@gmail.com | C36: document_foto_lokasi_bagunan_fisik | D36: /legal_documents/company/4207/document_foto_lokasi_bagunan_fisik.jpg | F36: pending | H36: APOTEK MEDISON CARE -BATU | I36: medbizkftd+10011653@gmail.com | J36: document_ktp_pemilik_sarana | K36: /legal_documents/company/17975/document_ktp_pemilik_sarana.jpeg | M36: pending | O36: Apotek Gammaya | P36: apgammayamedbiz@gmail.com | Q36: document_npwp | R36: /legal_documents/company/4035/document_npwp.pdf | T36: pending | V36: PT. Nurosadi Farma | W36: nurosadi@yahoo.co.id | X36: document_sertifikasi_cdob | Y36: /legal_documents/company/4866/document_sertifikasi_cdob.PDF | Z36: 46006 | AA36: pending | AJ36: Apotik sederhana | AK36: apotiksederhanasolok123@gmail.com | AL36: document_sipa_sika_apoteker | AM36: /legal_documents/company/4029/document_sipa_sika_apoteker.pdf | AN36: 44924 | AO36: pending | AQ36: Apotek Bagas Medika | AR36: ngurahsuastikaa@gmail.com | AS36: document_siup | AT36: /legal_documents/company/4015/document_siup.pdf | AV36: pending | AX36: Apt. Mardiwaras | AY36: mardiwaras@gmail.com | AZ36: document_stra_apoteker | BA36: /legal_documents/company/4033/document_stra_apoteker.pdf | BB36: 46089 | BC36: pending | BL36: APT. ANUGRAH PDG | BM36: aptanugrahpdg@gmail.com | BN36: document_surat_izin_apotek | BO36: /legal_documents/company/4038/document_surat_izin_apotek.pdf | BP36: 46054 | BQ36: pending
A37: Apotek Jendral | B37: apotekjendral@gmail.com | C37: document_foto_lokasi_bagunan_fisik | D37: /legal_documents/company/4204/document_foto_lokasi_bagunan_fisik.jpg | F37: pending | H37: TOKO CANTIKA | I37: medbizkftd+10012178@gmail.com | J37: document_ktp_pemilik_sarana | K37: /legal_documents/company/10142/document_ktp_pemilik_sarana.jpeg | M37: pending | O37: KLINIK PURI MEDICAL | P37: klinikpurimedical1@gmail.com | Q37: document_npwp | R37: /legal_documents/company/3795/document_npwp.jpg | T37: pending | V37: PT Carmella Gustavindo | W37: carmellagustav14@gmail.com | X37: document_sertifikasi_cdob | Y37: /legal_documents/company/4548/document_sertifikasi_cdob.pdf | Z37: 45604 | AA37: pending | AJ37: Apt. Mardiwaras | AK37: mardiwaras@gmail.com | AL37: document_sipa_sika_apoteker | AM37: /legal_documents/company/4033/document_sipa_sika_apoteker.pdf | AN37: 46089 | AO37: pending | AQ37: Apotek Budi agung | AR37: budiagungbts@gmail.com | AS37: document_siup | AT37: /legal_documents/company/4019/document_siup.jpg | AU37: 46472 | AV37: pending | AX37: Apotek Gammaya | AY37: apgammayamedbiz@gmail.com | AZ37: document_stra_apoteker | BA37: /legal_documents/company/4035/document_stra_apoteker.pdf | BB37: 45550 | BC37: pending | BL37: Apotek Kita Sidhikarya | BM37: yuktink@gmail.com | BN37: document_surat_izin_apotek | BO37: /legal_documents/company/4043/document_surat_izin_apotek.pdf | BP37: 47186 | BQ37: pending
A38: Apotek Bregas Pharmacy | B38: apotekbregas@gmail.com | C38: document_foto_lokasi_bagunan_fisik | D38: /legal_documents/company/2030/document_foto_lokasi_bagunan_fisik.jpeg | F38: pending | H38: APOTEK AFNAN FARMA | I38: guntoroprasetiaritonga@gmail.com | J38: document_ktp_pemilik_sarana | K38: /legal_documents/company/34626/document_ktp_pemilik_sarana.jpeg | M38: pending | O38: APOTIK BAROKAH FARMA | P38: apotikbarokahfarma@gmail.com | Q38: document_npwp | R38: /legal_documents/company/3872/document_npwp.jpg | T38: pending | V38: PT Subur Jaya Cemerlang | W38: finance1sjc@gmail.com | X38: document_sertifikasi_cdob | Y38: /legal_documents/company/3065/document_sertifikasi_cdob.PDF | Z38: 45843 | AA38: pending | AJ38: PT Citra Sedayuh | AK38: citrasedayuh@gmail.com | AL38: document_sipa_sika_apoteker | AM38: /legal_documents/company/4032/document_sipa_sika_apoteker.pdf | AN38: 46028 | AO38: pending | AQ38: Apotik sederhana | AR38: apotiksederhanasolok123@gmail.com | AS38: document_siup | AT38: /legal_documents/company/4029/document_siup.pdf | AU38: 44924 | AV38: pending | AX38: KLINIK PURI MEDICAL | AY38: klinikpurimedical1@gmail.com | AZ38: document_stra_apoteker | BA38: /legal_documents/company/3795/document_stra_apoteker.jpg | BB38: 46350 | BC38: pending | BL38: APT. BUNDA MEDIKA (PDG) | BM38: aptbundamedika095@gmail.com | BN38: document_surat_izin_apotek | BO38: /legal_documents/company/4040/document_surat_izin_apotek.pdf | BP38: 45152 | BQ38: pending
A39: Siloam Hospitals Lippo Village | B39: siloamhospitals22@gmail.com | C39: document_foto_lokasi_bagunan_fisik | D39: /legal_documents/company/4212/document_foto_lokasi_bagunan_fisik.jpg | F39: pending | H39: Apotek CFS | I39: herman_cfs@yahoo.co.id | J39: document_ktp_pemilik_sarana | K39: /legal_documents/company/34628/document_ktp_pemilik_sarana.jpeg | M39: pending | O39: APOTEKKU GUNUNG AGUNG | P39: ayukristiara@gmail.com | Q39: document_npwp | R39: /legal_documents/company/4039/document_npwp.jpeg | T39: pending | V39: PT Pancabala Jaya Makmur | W39: ptpancabalajayamakmur@gmail.com | X39: document_sertifikasi_cdob | Y39: /legal_documents/company/1917/document_sertifikasi_cdob.jpg | Z39: 45586 | AA39: pending | AJ39: Apotek Gammaya | AK39: apgammayamedbiz@gmail.com | AL39: document_sipa_sika_apoteker | AM39: /legal_documents/company/4035/document_sipa_sika_apoteker.pdf | AN39: 45550 | AO39: pending | AQ39: PT Citra Sedayuh | AR39: citrasedayuh@gmail.com | AS39: document_siup | AT39: /legal_documents/company/4032/document_siup.pdf | AU39: 46457 | AV39: pending | AX39: APOTIK BAROKAH FARMA | AY39: apotikbarokahfarma@gmail.com | AZ39: document_stra_apoteker | BA39: /legal_documents/company/3872/document_stra_apoteker.jpg | BB39: 45354 | BC39: pending | BL39: APT. MAULANA (PDG) | BM39: aptmaulana01@gmail.com | BN39: document_surat_izin_apotek | BO39: /legal_documents/company/4041/document_surat_izin_apotek.pdf | BP39: 48579 | BQ39: pending
A40: RS Dharma Yadnya | B40: rsdharmayadnyadps@gmail.com | C40: document_foto_lokasi_bagunan_fisik | D40: /legal_documents/company/4221/document_foto_lokasi_bagunan_fisik.jpeg | F40: pending | H40: APOTEK SURAPATI | I40: medbizkftd+10001799@gmail.com | J40: document_ktp_pemilik_sarana | K40: /legal_documents/company/25284/document_ktp_pemilik_sarana.jpeg | M40: pending | O40: APT. ANUGRAH PDG | P40: aptanugrahpdg@gmail.com | Q40: document_npwp | R40: /legal_documents/company/4038/document_npwp.pdf | T40: pending | V40: PT Berkat Mahkota Putra | W40: ptberkatmahkotaputra@gmail.com | X40: document_sertifikasi_cdob | Y40: /legal_documents/company/1915/document_sertifikasi_cdob.pdf | Z40: 45586 | AA40: pending | AJ40: KLINIK PURI MEDICAL | AK40: klinikpurimedical1@gmail.com | AL40: document_sipa_sika_apoteker | AM40: /legal_documents/company/3795/document_sipa_sika_apoteker.jpg | AN40: 46350 | AO40: pending | AQ40: Apt. Mardiwaras | AR40: mardiwaras@gmail.com | AS40: document_siup | AT40: /legal_documents/company/4033/document_siup.pdf | AU40: 46089 | AV40: pending | AX40: APOTEKKU GUNUNG AGUNG | AY40: ayukristiara@gmail.com | AZ40: document_stra_apoteker | BA40: /legal_documents/company/4039/document_stra_apoteker.pdf | BB40: 45289 | BC40: pending | BL40: APOTEKKU TEUKU UMAR BARAT | BM40: febryirmayanti@gmail.com | BN40: document_surat_izin_apotek | BO40: /legal_documents/company/4031/document_surat_izin_apotek.pdf | BP40: 46422 | BQ40: pending
A41: Apotek Indobat Kwanji | B41: indobatkwanji1@gmail.com | C41: document_foto_lokasi_bagunan_fisik | D41: /legal_documents/company/4209/document_foto_lokasi_bagunan_fisik.jpeg | F41: pending | H41: Apotek Lido | I41: next_mekol@yahoo.com | J41: document_ktp_pemilik_sarana | K41: /legal_documents/company/3893/document_ktp_pemilik_sarana.jpeg | M41: pending | O41: Apotek Kita Sidhikarya | P41: yuktink@gmail.com | Q41: document_npwp | R41: /legal_documents/company/4043/document_npwp.jpeg | T41: pending | V41: PT. MITRA KELUARGA MANDIRI PAPUA | W41: eko@mkmp.co.id | X41: document_sertifikasi_cdob | Y41: /legal_documents/company/3749/document_sertifikasi_cdob.pdf | Z41: 45509 | AA41: pending | AJ41: APOTIK BAROKAH FARMA | AK41: apotikbarokahfarma@gmail.com | AL41: document_sipa_sika_apoteker | AM41: /legal_documents/company/3872/document_sipa_sika_apoteker.jpg | AN41: 45354 | AO41: pending | AQ41: Apotek Gammaya | AR41: apgammayamedbiz@gmail.com | AS41: document_siup | AT41: /legal_documents/company/4035/document_siup.pdf | AU41: 45550 | AV41: pending | AX41: APT. ANUGRAH PDG | AY41: aptanugrahpdg@gmail.com | AZ41: document_stra_apoteker | BA41: /legal_documents/company/4038/document_stra_apoteker.pdf | BB41: 46054 | BC41: pending | BL41: PT. Forta Mitra Sejati | BM41: apjforta@gmail.com | BN41: document_surat_izin_pbf | BO41: /legal_documents/company/2972/document_surat_izin_pbf.pdf | BP41: 45631 | BQ41: pending
A42: Apotek Aeri Farma | B42: apotekaerifarma22@gmail.com | C42: document_foto_lokasi_bagunan_fisik | D42: /legal_documents/company/4228/document_foto_lokasi_bagunan_fisik.pdf | F42: pending | H42: Apotek Telkomedika PN | I42: telefarma6@gmail.com | J42: document_ktp_pemilik_sarana | K42: /legal_documents/company/1587/document_ktp_pemilik_sarana.pdf | M42: pending | O42: APT. BUNDA MEDIKA (PDG) | P42: aptbundamedika095@gmail.com | Q42: document_npwp | R42: /legal_documents/company/4040/document_npwp.pdf | T42: pending | V42: PT. Omega Medika Gemilang | W42: omegamedikagemilang123@gmail.com | X42: document_sertifikasi_cdob | Y42: /legal_documents/company/2212/document_sertifikasi_cdob.jpeg | Z42: 46502 | AA42: pending | AJ42: APOTEKKU GUNUNG AGUNG | AK42: ayukristiara@gmail.com | AL42: document_sipa_sika_apoteker | AM42: /legal_documents/company/4039/document_sipa_sika_apoteker.pdf | AN42: 45289 | AO42: pending | AQ42: KLINIK PURI MEDICAL | AR42: klinikpurimedical1@gmail.com | AS42: document_siup | AT42: /legal_documents/company/3795/document_siup.jpg | AU42: 45221 | AV42: pending | AX42: APT. BUNDA MEDIKA (PDG) | AY42: aptbundamedika095@gmail.com | AZ42: document_stra_apoteker | BA42: /legal_documents/company/4040/document_stra_apoteker.pdf | BB42: 45152 | BC42: pending | BL42: Aramedika apotik | BM42: apotekaramedicafarma@gmail.com | BN42: document_surat_izin_apotek | BO42: /legal_documents/company/3918/document_surat_izin_apotek.jpg | BQ42: pending
A43: Rumah Sakit Umum Daerah (RSUD) KRT Setjo | B43: setjonegororsud@gmail.com | C43: document_foto_lokasi_bagunan_fisik | D43: /legal_documents/company/4192/document_foto_lokasi_bagunan_fisik.jpg | F43: pending | H43: Apotek Anugerah Ayani | I43: anugerahayani@gmail.com | J43: document_ktp_pemilik_sarana | K43: /legal_documents/company/4264/document_ktp_pemilik_sarana.pdf | M43: pending | O43: APT. MAULANA (PDG) | P43: aptmaulana01@gmail.com | Q43: document_npwp | R43: /legal_documents/company/4041/document_npwp.pdf | T43: pending | V43: PT. Bintang Timur Husada | W43: pt.bthpapua@gmail.com | X43: document_sertifikasi_cdob | Y43: /legal_documents/company/5050/document_sertifikasi_cdob.pdf | Z43: 45909 | AA43: pending | AJ43: APT. ANUGRAH PDG | AK43: aptanugrahpdg@gmail.com | AL43: document_sipa_sika_apoteker | AM43: /legal_documents/company/4038/document_sipa_sika_apoteker.pdf | AN43: 46054 | AO43: pending | AQ43: APOTIK BAROKAH FARMA | AR43: apotikbarokahfarma@gmail.com | AS43: document_siup | AT43: /legal_documents/company/3872/document_siup.jpg | AU43: 45354 | AV43: pending | AX43: Apotek Kita Sidhikarya | AY43: yuktink@gmail.com | AZ43: document_stra_apoteker | BA43: /legal_documents/company/4043/document_stra_apoteker.pdf | BB43: 46552 | BC43: pending | BL43: APT. PUTRI FARMA | BM43: hendrabotak83@gmail.com | BN43: document_surat_izin_apotek | BO43: /legal_documents/company/2387/document_surat_izin_apotek.jpg | BP43: 44901 | BQ43: pending
A44: RS Hermina Serpong | B44: rsherminaserpong22@gmail.com | C44: document_foto_lokasi_bagunan_fisik | D44: /legal_documents/company/4237/document_foto_lokasi_bagunan_fisik.png | F44: pending | H44: Apotek Sobat Medika | I44: apoteksobatmedika@gmail.com | J44: document_ktp_pemilik_sarana | K44: /legal_documents/company/34636/document_ktp_pemilik_sarana.jpeg | M44: pending | O44: APOTEKKU TEUKU UMAR BARAT | P44: febryirmayanti@gmail.com | Q44: document_npwp | R44: /legal_documents/company/4031/document_npwp.jpg | T44: pending | V44: PT. Sakyo Putra Pratama | W44: putrasakyo@gmail.com | X44: document_sertifikasi_cdob | Y44: /legal_documents/company/1964/document_sertifikasi_cdob.PDF | Z44: 45807 | AA44: pending | AJ44: Apotek Kita Sidhikarya | AK44: yuktink@gmail.com | AL44: document_sipa_sika_apoteker | AM44: /legal_documents/company/4043/document_sipa_sika_apoteker.pdf | AN44: 46552 | AO44: pending | AQ44: APOTEKKU GUNUNG AGUNG | AR44: ayukristiara@gmail.com | AS44: document_siup | AT44: /legal_documents/company/4039/document_siup.pdf | AU44: 46608 | AV44: pending | AX44: APT. MAULANA (PDG) | AY44: aptmaulana01@gmail.com | AZ44: document_stra_apoteker | BA44: /legal_documents/company/4041/document_stra_apoteker.pdf | BB44: 45355 | BC44: pending | BL44: APOTEKKU SESETAN | BM44: dewayu79@gmail.com | BN44: document_surat_izin_apotek | BO44: /legal_documents/company/4048/document_surat_izin_apotek.pdf | BP44: 46194 | BQ44: pending
A45: CV. Rila Karya Makmur | B45: syahr8383@gmail.com | C45: document_foto_lokasi_bagunan_fisik | D45: /legal_documents/company/3712/document_foto_lokasi_bagunan_fisik.jpg | F45: pending | H45: APOTEK SIDIKARYA | I45: medbizkftd+10005777@gmail.com | J45: document_ktp_pemilik_sarana | K45: /legal_documents/company/24272/document_ktp_pemilik_sarana.jpeg | M45: pending | O45: PT. Forta Mitra Sejati | P45: apjforta@gmail.com | Q45: document_npwp | R45: /legal_documents/company/2972/document_npwp.pdf | T45: pending | V45: PT. Cahaya Sentosa | W45: cahayasentosamks@gmail.com | X45: document_sertifikasi_cdob | Y45: /legal_documents/company/5062/document_sertifikasi_cdob.jpeg | Z45: 46006 | AA45: pending | AJ45: APT. BUNDA MEDIKA (PDG) | AK45: aptbundamedika095@gmail.com | AL45: document_sipa_sika_apoteker | AM45: /legal_documents/company/4040/document_sipa_sika_apoteker.pdf | AN45: 45152 | AO45: pending | AQ45: APT. ANUGRAH PDG | AR45: aptanugrahpdg@gmail.com | AS45: document_siup | AT45: /legal_documents/company/4038/document_siup.pdf | AU45: 46054 | AV45: pending | AX45: APOTEKKU TEUKU UMAR BARAT | AY45: febryirmayanti@gmail.com | AZ45: document_stra_apoteker | BA45: /legal_documents/company/4031/document_stra_apoteker.PDF | BB45: 46422 | BC45: pending | BL45: Apotek samudera farma | BM45: samuderafarmaapotek@gmail.com | BN45: document_surat_izin_apotek | BO45: /legal_documents/company/4046/document_surat_izin_apotek.jpg | BP45: 45673 | BQ45: pending
A46: RSU Hermina Kemayoran | B46: farmasi.kemayoran@herminahospitals.com | C46: document_foto_lokasi_bagunan_fisik | D46: /legal_documents/company/4251/document_foto_lokasi_bagunan_fisik.jpeg | F46: pending | H46: Apotek Delima Farma | I46: farmaapotekdelima@gmail.com | J46: document_ktp_pemilik_sarana | K46: /legal_documents/company/34642/document_ktp_pemilik_sarana.jpeg | M46: pending | O46: Aramedika apotik | P46: apotekaramedicafarma@gmail.com | Q46: document_npwp | R46: /legal_documents/company/3918/document_npwp.jpg | T46: pending | V46: PT. Sehat Anugrah Pharmindo | W46: sehatanugrahpharmindo@gmail.com | X46: document_sertifikasi_cdob | Y46: /legal_documents/company/2941/document_sertifikasi_cdob.PDF | Z46: 46355 | AA46: pending | AJ46: APT. MAULANA (PDG) | AK46: aptmaulana01@gmail.com | AL46: document_sipa_sika_apoteker | AM46: /legal_documents/company/4041/document_sipa_sika_apoteker.pdf | AN46: 45355 | AO46: pending | AQ46: APT. BUNDA MEDIKA (PDG) | AR46: aptbundamedika095@gmail.com | AS46: document_siup | AT46: /legal_documents/company/4040/document_siup.pdf | AU46: 45152 | AV46: pending | AX46: PT. Forta Mitra Sejati | AY46: apjforta@gmail.com | AZ46: document_stra_apoteker | BA46: /legal_documents/company/2972/document_stra_apoteker.pdf | BB46: 45376 | BC46: pending | BL46: Apotek dava farma | BM46: apotekdavafarma@gmail.com | BN46: document_surat_izin_apotek | BO46: /legal_documents/company/4047/document_surat_izin_apotek.jpg | BP46: 46256 | BQ46: pending
A47: RS MENTARI | B47: rsmentari22@gmail.com | C47: document_foto_lokasi_bagunan_fisik | D47: /legal_documents/company/4254/document_foto_lokasi_bagunan_fisik.jpg | F47: pending | H47: APOTEK DELIMA FARMA | I47: medbizkftd+10065317@gmail.com | J47: document_ktp_pemilik_sarana | K47: /legal_documents/company/6600/document_ktp_pemilik_sarana.jpeg | M47: pending | O47: APT. PUTRI FARMA | P47: hendrabotak83@gmail.com | Q47: document_npwp | R47: /legal_documents/company/2387/document_npwp.jpg | T47: pending | V47: PT PODO MEKAR JAYA SENTOSA | W47: medbizkftd+10025595@gmail.com | X47: document_sertifikasi_cdob | Y47: /legal_documents/company/2863/document_sertifikasi_cdob.pdf | Z47: 45672 | AA47: pending | AJ47: APOTEKKU TEUKU UMAR BARAT | AK47: febryirmayanti@gmail.com | AL47: document_sipa_sika_apoteker | AM47: /legal_documents/company/4031/document_sipa_sika_apoteker.pdf | AN47: 46422 | AO47: pending | AQ47: Apotek Kita Sidhikarya | AR47: yuktink@gmail.com | AS47: document_siup | AT47: /legal_documents/company/4043/document_siup.pdf | AU47: 47364 | AV47: pending | AX47: Aramedika apotik | AY47: apotekaramedicafarma@gmail.com | AZ47: document_stra_apoteker | BA47: /legal_documents/company/3918/document_stra_apoteker.jpg | BC47: pending | BL47: APT. YOUTEFA FARMA | BM47: nelpygojangpalabuan@gmail.com | BN47: document_surat_izin_apotek | BO47: /legal_documents/company/4050/document_surat_izin_apotek.jpeg | BP47: 45553 | BQ47: pending
A48: Apotek Sinar Sehat | B48: apoteksinarsehat32@gmail.com | C48: document_foto_lokasi_bagunan_fisik | D48: /legal_documents/company/4240/document_foto_lokasi_bagunan_fisik.jpeg | F48: pending | H48: APOTEK ANA FARMA | I48: anafarmaapotek@gmail.com | J48: document_ktp_pemilik_sarana | K48: /legal_documents/company/34664/document_ktp_pemilik_sarana.jpeg | M48: pending | O48: APOTEKKU SESETAN | P48: dewayu79@gmail.com | Q48: document_npwp | R48: /legal_documents/company/4048/document_npwp.jpeg | T48: pending | V48: PT. Medimart Mega Rezeki | W48: medimartmegarezeki123@gmail.com | X48: document_sertifikasi_cdob | Y48: /legal_documents/company/3324/document_sertifikasi_cdob.pdf | Z48: 46580 | AA48: pending | AJ48: PT. Forta Mitra Sejati | AK48: apjforta@gmail.com | AL48: document_sipa_sika_apoteker | AM48: /legal_documents/company/2972/document_sipa_sika_apoteker.pdf | AN48: 45376 | AO48: pending | AQ48: APT. MAULANA (PDG) | AR48: aptmaulana01@gmail.com | AS48: document_siup | AT48: /legal_documents/company/4041/document_siup.pdf | AU48: 48579 | AV48: pending | AX48: APT. PUTRI FARMA | AY48: hendrabotak83@gmail.com | AZ48: document_stra_apoteker | BA48: /legal_documents/company/2387/document_stra_apoteker.jpg | BB48: 44901 | BC48: pending | BL48: Apotek Ciereng | BM48: ciereng01@gmail.com | BN48: document_surat_izin_apotek | BO48: /legal_documents/company/3859/document_surat_izin_apotek.jpeg | BP48: 45228 | BQ48: pending
A49: Apotek Berkah Abadi Medika | B49: apotekberkahabadimedika@gmail.com | C49: document_foto_lokasi_bagunan_fisik | D49: /legal_documents/company/4255/document_foto_lokasi_bagunan_fisik.jpeg | F49: pending | H49: APOTEK SEMAYAN | I49: laluarisandi@gmail.com | J49: document_ktp_pemilik_sarana | K49: /legal_documents/company/34662/document_ktp_pemilik_sarana.pdf | M49: pending | O49: Apotek samudera farma | P49: samuderafarmaapotek@gmail.com | Q49: document_npwp | R49: /legal_documents/company/4046/document_npwp.jpg | T49: pending | V49: PT. Ekklesia Indah Farma | W49: ekklesiaindahfarma@yahoo.com | X49: document_sertifikasi_cdob | Y49: /legal_documents/company/5097/document_sertifikasi_cdob.jpg | Z49: 45631 | AA49: pending | AJ49: Aramedika apotik | AK49: apotekaramedicafarma@gmail.com | AL49: document_sipa_sika_apoteker | AM49: /legal_documents/company/3918/document_sipa_sika_apoteker.jpg | AO49: pending | AQ49: APOTEKKU TEUKU UMAR BARAT | AR49: febryirmayanti@gmail.com | AS49: document_siup | AT49: /legal_documents/company/4031/document_siup.pdf | AU49: 46608 | AV49: pending | AX49: Apotek samudera farma | AY49: samuderafarmaapotek@gmail.com | AZ49: document_stra_apoteker | BA49: /legal_documents/company/4046/document_stra_apoteker.jpg | BB49: 45673 | BC49: pending | BL49: Apotek Rizki Tasik | BM49: apotekrizki06@gmail.com | BN49: document_surat_izin_apotek | BO49: /legal_documents/company/3772/document_surat_izin_apotek.pdf | BP49: 46142 | BQ49: pending
A50: Rumah Sakit An-Nisa | B50: annisars.tgr@gmail.com | C50: document_foto_lokasi_bagunan_fisik | D50: /legal_documents/company/4259/document_foto_lokasi_bagunan_fisik.jpg | F50: pending | H50: Apotek kita sehat | I50: harjiantirahmana89@gmail.com | J50: document_ktp_pemilik_sarana | K50: /legal_documents/company/34667/document_ktp_pemilik_sarana.jpeg | M50: pending | O50: Apotek dava farma | P50: apotekdavafarma@gmail.com | Q50: document_npwp | R50: /legal_documents/company/4047/document_npwp.jpg | T50: pending | V50: PT. Matahari Utama Sehat | W50: Apotekerrenny@gmail.com | X50: document_sertifikasi_cdob | Y50: /legal_documents/company/3752/document_sertifikasi_cdob.pdf | Z50: 45883 | AA50: pending | AJ50: APT. PUTRI FARMA | AK50: hendrabotak83@gmail.com | AL50: document_sipa_sika_apoteker | AM50: /legal_documents/company/2387/document_sipa_sika_apoteker.jpg | AN50: 44901 | AO50: pending | AQ50: Rumah Sakit Marhamah PMI | AR50: adfhr04@gmail.com | AS50: document_siup | AT50: /legal_documents/company/3790/document_siup.pdf | AU50: 45418 | AV50: pending | AX50: APOTEKKU SESETAN | AY50: dewayu79@gmail.com | AZ50: document_stra_apoteker | BA50: /legal_documents/company/4048/document_stra_apoteker.pdf | BB50: 46194 | BC50: pending | BL50: APT. PRAYOGI | BM50: widjajaprayogi@gmail.com | BN50: document_surat_izin_apotek | BO50: /legal_documents/company/2344/document_surat_izin_apotek.jpg | BP50: 45448 | BQ50: pending
A51: PT. KA DUA EMPAT | B51: ibrahimmalik504@gmail.com | C51: document_foto_lokasi_bagunan_fisik | D51: /legal_documents/company/4268/document_foto_lokasi_bagunan_fisik.jpg | F51: pending | H51: Apotek Karya Mulya Farma | I51: apotekkarya@gmail.com | J51: document_ktp_pemilik_sarana | K51: /legal_documents/company/34668/document_ktp_pemilik_sarana.jpeg | M51: pending | O51: RSU. Painan | P51: yuliarahmid@gmail.com | Q51: document_npwp | R51: /legal_documents/company/3666/document_npwp.pdf | T51: pending | V51: PT. MUTIARA MAJU MANDIRI | W51: mutiaramajumandiript@gmail.com | X51: document_sertifikasi_cdob | Y51: /legal_documents/company/1990/document_sertifikasi_cdob.pdf | Z51: 46097 | AA51: pending | AJ51: APOTEKKU SESETAN | AK51: dewayu79@gmail.com | AL51: document_sipa_sika_apoteker | AM51: /legal_documents/company/4048/document_sipa_sika_apoteker.pdf | AN51: 46194 | AO51: pending | AQ51: APT. PUTRI FARMA | AR51: hendrabotak83@gmail.com | AS51: document_siup | AT51: /legal_documents/company/2387/document_siup.jpg | AU51: 44901 | AV51: pending | AX51: Apotek dava farma | AY51: apotekdavafarma@gmail.com | AZ51: document_stra_apoteker | BA51: /legal_documents/company/4047/document_stra_apoteker.jpg | BB51: 46256 | BC51: pending | BL51: Apotek Kulon Palang | BM51: kulonpalang47@gmail.com | BN51: document_surat_izin_apotek | BO51: /legal_documents/company/3797/document_surat_izin_apotek.jpeg | BP51: 46313 | BQ51: pending
A52: Apotek Otista Baru | B52: Hildaalbaiti5@gmail.com | C52: document_foto_lokasi_bagunan_fisik | D52: /legal_documents/company/1608/document_foto_lokasi_bagunan_fisik.jpg | F52: pending | H52: Apotek Citambur | I52: cepispnd@gmail.com | J52: document_ktp_pemilik_sarana | K52: /legal_documents/company/34669/document_ktp_pemilik_sarana.jpeg | M52: pending | O52: APT. YOUTEFA FARMA | P52: nelpygojangpalabuan@gmail.com | Q52: document_npwp | R52: /legal_documents/company/4050/document_npwp.jpeg | T52: pending | V52: PT. Sinar Bintang Papua | W52: sinarbintangpapua88@gmail.com | X52: document_sertifikasi_cdob | Y52: /legal_documents/company/5126/document_sertifikasi_cdob.PDF | Z52: 45955 | AA52: pending | AJ52: Apotek samudera farma | AK52: samuderafarmaapotek@gmail.com | AL52: document_sipa_sika_apoteker | AM52: /legal_documents/company/4046/document_sipa_sika_apoteker.jpg | AN52: 45673 | AO52: pending | AQ52: APOTEKKU SESETAN | AR52: dewayu79@gmail.com | AS52: document_siup | AT52: /legal_documents/company/4048/document_siup.pdf | AU52: 46194 | AV52: pending | AX52: RSU. Painan | AY52: yuliarahmid@gmail.com | AZ52: document_stra_apoteker | BA52: /legal_documents/company/3666/document_stra_apoteker.jpg | BB52: 46054 | BC52: pending | BL52: Apotek Lestari Amanah Farma | BM52: lestariamanahfarma@gmail.com | BN52: document_surat_izin_apotek | BO52: /legal_documents/company/3402/document_surat_izin_apotek.jpg | BP52: 45346 | BQ52: pending
A53: Apotek Selayang | B53: jayaole678@gmail.com | C53: document_foto_lokasi_bagunan_fisik | D53: /legal_documents/company/4190/document_foto_lokasi_bagunan_fisik.jpeg | F53: pending | H53: Klinik Dhifa | I53: nanazaisir@gmail.com | J53: document_ktp_pemilik_sarana | K53: /legal_documents/company/34677/document_ktp_pemilik_sarana.jpeg | M53: pending | O53: RSU Famili Husada | P53: familifarmasi14@gmail.com | Q53: document_npwp | R53: /legal_documents/company/4052/document_npwp.pdf | T53: pending | V53: PT. Samudra Berkat Sehati | W53: samudraberkat165@gmail.com | X53: document_sertifikasi_cdob | Y53: /legal_documents/company/5130/document_sertifikasi_cdob.jpeg | Z53: 45443 | AA53: pending | AJ53: Apotek dava farma | AK53: apotekdavafarma@gmail.com | AL53: document_sipa_sika_apoteker | AM53: /legal_documents/company/4047/document_sipa_sika_apoteker.jpg | AN53: 46256 | AO53: pending | AQ53: Apotek samudera farma | AR53: samuderafarmaapotek@gmail.com | AS53: document_siup | AT53: /legal_documents/company/4046/document_siup.jpg | AU53: 45673 | AV53: pending | AX53: RSU Famili Husada | AY53: familifarmasi14@gmail.com | AZ53: document_stra_apoteker | BA53: /legal_documents/company/4052/document_stra_apoteker.pdf | BB53: 45289 | BC53: pending | BL53: Apotek bunda | BM53: apotekbundaf@gmail.com | BN53: document_surat_izin_apotek | BO53: /legal_documents/company/4055/document_surat_izin_apotek.jpg | BP53: 46267 | BQ53: pending
A54: RS Puri Medika | B54: pengadaanrspurimedika@gmail.com | C54: document_foto_lokasi_bagunan_fisik | D54: /legal_documents/company/4293/document_foto_lokasi_bagunan_fisik.jpeg | F54: pending | H54: Apotek Ar Rahman Farma | I54: qr1dino@gmail.com | J54: document_ktp_pemilik_sarana | K54: /legal_documents/company/34665/document_ktp_pemilik_sarana.jpeg | M54: pending | O54: RS HERMINA WONOGIRI | P54: wonogirihermina61@gmail.com | Q54: document_npwp | R54: /legal_documents/company/4053/document_npwp.pdf | T54: pending | V54: PT. Lestari Jaya Sejahtera | W54: lestarijayasejahtera.pt@gmail.com | X54: document_sertifikasi_cdob | Y54: /legal_documents/company/5141/document_sertifikasi_cdob.pdf | Z54: 45335 | AA54: pending | AJ54: APT. YOUTEFA FARMA | AK54: nelpygojangpalabuan@gmail.com | AL54: document_sipa_sika_apoteker | AM54: /legal_documents/company/4050/document_sipa_sika_apoteker.jpeg | AN54: 45553 | AO54: pending | AQ54: Apotek dava farma | AR54: apotekdavafarma@gmail.com | AS54: document_siup | AT54: /legal_documents/company/4047/document_siup.jpg | AU54: 46256 | AV54: pending | AX54: Apotek Ciereng | AY54: ciereng01@gmail.com | AZ54: document_stra_apoteker | BA54: /legal_documents/company/3859/document_stra_apoteker.jpeg | BB54: 45260 | BC54: pending | BL54: Apotek Anugrah Padang panjang | BM54: apotikanugrahpadangpanjang@gmail.com | BN54: document_surat_izin_apotek | BO54: /legal_documents/company/4056/document_surat_izin_apotek.pdf | BP54: 45401 | BQ54: pending
A55: Apotek Farmacia | B55: apotekfarmacia3@gmail.com | C55: document_foto_lokasi_bagunan_fisik | D55: /legal_documents/company/4248/document_foto_lokasi_bagunan_fisik.jpeg | F55: pending | H55: Apotek Cahaya Baru | I55: yudikandinata09@gmail.com | J55: document_ktp_pemilik_sarana | K55: /legal_documents/company/34685/document_ktp_pemilik_sarana.jpeg | M55: pending | O55: APT. PRAYOGI | P55: widjajaprayogi@gmail.com | Q55: document_npwp | R55: /legal_documents/company/2344/document_npwp.jpg | T55: pending | V55: PT. Bouti Usabda Farma | W55: ptboutiusabdafarma@gmail.com | X55: document_sertifikasi_cdob | Y55: /legal_documents/company/5146/document_sertifikasi_cdob.pdf | Z55: 45525 | AA55: pending | AJ55: RSU Famili Husada | AK55: familifarmasi14@gmail.com | AL55: document_sipa_sika_apoteker | AM55: /legal_documents/company/4052/document_sipa_sika_apoteker.pdf | AN55: 45289 | AO55: pending | AQ55: APT. YOUTEFA FARMA | AR55: nelpygojangpalabuan@gmail.com | AS55: document_siup | AT55: /legal_documents/company/4050/document_siup.jpeg | AU55: 46387 | AV55: pending | AX55: RS HERMINA WONOGIRI | AY55: wonogirihermina61@gmail.com | AZ55: document_stra_apoteker | BA55: /legal_documents/company/4053/document_stra_apoteker.pdf | BB55: 46299 | BC55: pending | BL55: Apotek Suryani | BM55: lilimukarromah123@gmail.com | BN55: document_surat_izin_apotek | BO55: /legal_documents/company/2390/document_surat_izin_apotek.jpg | BP55: 45380 | BQ55: pending
A56: Rumah Sakit QADR | B56: rumahsakitqadr@gmail.com | C56: document_foto_lokasi_bagunan_fisik | D56: /legal_documents/company/4299/document_foto_lokasi_bagunan_fisik.jpg | F56: pending | H56: Apotek Nasuha | I56: m.hendrawan2021@gmail.com | J56: document_ktp_pemilik_sarana | K56: /legal_documents/company/34681/document_ktp_pemilik_sarana.jpeg | M56: pending | O56: RS ROSELA | P56: logistikfarmasirosela@gmail.com | Q56: document_npwp | R56: /legal_documents/company/1560/document_npwp.jpg | T56: pending | V56: PT. Ka Dua Empat | W56: antisugiarti155@gmail.com | X56: document_sertifikasi_cdob | Y56: /legal_documents/company/5153/document_sertifikasi_cdob.pdf | Z56: 45863 | AA56: pending | AJ56: Apotek Ciereng | AK56: ciereng01@gmail.com | AL56: document_sipa_sika_apoteker | AM56: /legal_documents/company/3859/document_sipa_sika_apoteker.jpeg | AN56: 45199 | AO56: pending | AQ56: RSU Famili Husada | AR56: familifarmasi14@gmail.com | AS56: document_siup | AT56: /legal_documents/company/4052/document_siup.pdf | AU56: 45725 | AV56: pending | AX56: Apotek Rizki Tasik | AY56: apotekrizki06@gmail.com | AZ56: document_stra_apoteker | BA56: /legal_documents/company/3772/document_stra_apoteker.jpeg | BB56: 46295 | BC56: pending | BL56: APT. MEDIA MEDIKA | BM56: mediamedikapdg@gmail.com | BN56: document_surat_izin_apotek | BO56: /legal_documents/company/4060/document_surat_izin_apotek.pdf | BP56: 48579 | BQ56: pending
A57: Rumah Sakit Avicenna | B57: susi.susanti2208@gmail.com | C57: document_foto_lokasi_bagunan_fisik | D57: /legal_documents/company/3253/document_foto_lokasi_bagunan_fisik.jpeg | F57: pending | H57: RSIA TRESNA | I57: sabillavicka@gmail.com | J57: document_ktp_pemilik_sarana | K57: /legal_documents/company/34682/document_ktp_pemilik_sarana.jpeg | M57: pending | O57: Apotek Kulon Palang | P57: kulonpalang47@gmail.com | Q57: document_npwp | R57: /legal_documents/company/3797/document_npwp.jpeg | T57: pending | V57: PT. Inti Terfarma Indonesia | W57: intiterafarmaindonesia.pt@gmail.com | X57: document_sertifikasi_cdob | Y57: /legal_documents/company/5170/document_sertifikasi_cdob.pdf | Z57: 45843 | AA57: pending | AJ57: RS HERMINA WONOGIRI | AK57: wonogirihermina61@gmail.com | AL57: document_sipa_sika_apoteker | AM57: /legal_documents/company/4053/document_sipa_sika_apoteker.pdf | AN57: 46299 | AO57: pending | AQ57: RS HERMINA WONOGIRI | AR57: wonogirihermina61@gmail.com | AS57: document_siup | AT57: /legal_documents/company/4053/document_siup.pdf | AU57: 46307 | AV57: pending | AX57: RS ROSELA | AY57: logistikfarmasirosela@gmail.com | AZ57: document_stra_apoteker | BA57: /legal_documents/company/1560/document_stra_apoteker.pdf | BB57: 46144 | BC57: pending | BL57: APT. K24 KOYA BARAT | BM57: k24koyabaratjayapura@gmail.com | BN57: document_surat_izin_apotek | BO57: /legal_documents/company/4061/document_surat_izin_apotek.pdf | BP57: 45941 | BQ57: pending
A58: RS. PKU Muhammadiyah Cepu | B58: lailiisnamudi@gmail.com | C58: document_foto_lokasi_bagunan_fisik | D58: /legal_documents/company/2289/document_foto_lokasi_bagunan_fisik.jpg | F58: pending | H58: Apotek Yustika Farma | I58: reniyustikautami@gmail.com | J58: document_ktp_pemilik_sarana | K58: /legal_documents/company/34673/document_ktp_pemilik_sarana.jpeg | M58: pending | O58: Apotek Lestari Amanah Farma | P58: lestariamanahfarma@gmail.com | Q58: document_npwp | R58: /legal_documents/company/3402/document_npwp.jpg | T58: pending | V58: PT. Imanuel Mulia Farma | W58: imfdir@gmail.com | X58: document_sertifikasi_cdob | Y58: /legal_documents/company/2799/document_sertifikasi_cdob.pdf | Z58: 45314 | AA58: pending | AJ58: RS ROSELA | AK58: logistikfarmasirosela@gmail.com | AL58: document_sipa_sika_apoteker | AM58: /legal_documents/company/1560/document_sipa_sika_apoteker.pdf | AN58: 46144 | AO58: pending | AQ58: Apotek Ciereng | AR58: ciereng01@gmail.com | AS58: document_siup | AT58: /legal_documents/company/3859/document_siup.jpeg | AU58: 45199 | AV58: pending | AX58: APT. PRAYOGI | AY58: widjajaprayogi@gmail.com | AZ58: document_stra_apoteker | BA58: /legal_documents/company/2344/document_stra_apoteker.jpg | BB58: 45448 | BC58: pending | BL58: APT. NISA | BM58: amirunnisaulmaghfiroh@gmail.com | BN58: document_surat_izin_apotek | BO58: /legal_documents/company/3430/document_surat_izin_apotek.pdf | BP58: 44902 | BQ58: pending
A59: Apotek Tursina Bahagia | B59: dyahanjarwati835@gmail.com | C59: document_foto_lokasi_bagunan_fisik | D59: /legal_documents/company/4308/document_foto_lokasi_bagunan_fisik.jpeg | F59: pending | H59: Apotek laqu | I59: amiral.magrabhi@gmail.com | J59: document_ktp_pemilik_sarana | K59: /legal_documents/company/34707/document_ktp_pemilik_sarana.jpeg | M59: pending | O59: Apotek bunda | P59: apotekbundaf@gmail.com | Q59: document_npwp | R59: /legal_documents/company/4055/document_npwp.pdf | T59: pending | V59: PT. Hapeel Pharmindo | W59: hplmlg@gmail.com | X59: document_sertifikasi_cdob | Y59: /legal_documents/company/2713/document_sertifikasi_cdob.png | Z59: 45863 | AA59: pending | AJ59: Apotek Rizki Tasik | AK59: apotekrizki06@gmail.com | AL59: document_sipa_sika_apoteker | AM59: /legal_documents/company/3772/document_sipa_sika_apoteker.jpeg | AN59: 46295 | AO59: pending | AQ59: RS ROSELA | AR59: logistikfarmasirosela@gmail.com | AS59: document_siup | AT59: /legal_documents/company/1560/document_siup.pdf | AU59: 46327 | AV59: pending | AX59: Apotek Kulon Palang | AY59: kulonpalang47@gmail.com | AZ59: document_stra_apoteker | BA59: /legal_documents/company/3797/document_stra_apoteker.jpeg | BB59: 46313 | BC59: pending | BL59: APOTEKKU HEALING PHARMACY MUNGGU | BM59: apotekku.munggu@gmail.com | BN59: document_surat_izin_apotek | BO59: /legal_documents/company/4059/document_surat_izin_apotek.jpg | BP59: 46379 | BQ59: pending
A60: Apotek Budi Darma | B60: budidarmaapotek@gmail.com | C60: document_foto_lokasi_bagunan_fisik | D60: /legal_documents/company/4275/document_foto_lokasi_bagunan_fisik.jpeg | F60: pending | H60: APOTEK K24 BINTARO SEKTOR 2 | I60: medbizkftd+10107048@gmail.com | J60: document_ktp_pemilik_sarana | K60: /legal_documents/company/34650/document_ktp_pemilik_sarana.jpeg | M60: pending | O60: RSU ANNIMAH | P60: annimahrsu@gmail.com | Q60: document_npwp | R60: /legal_documents/company/4057/document_npwp.jpeg | T60: pending | V60: PT. Berlian Ghulam Pratama Polman | W60: ptberlianpolman@gmail.com | X60: document_sertifikasi_cdob | Y60: /legal_documents/company/5205/document_sertifikasi_cdob.jpeg | Z60: 45766 | AA60: pending | AJ60: APT. PRAYOGI | AK60: widjajaprayogi@gmail.com | AL60: document_sipa_sika_apoteker | AM60: /legal_documents/company/2344/document_sipa_sika_apoteker.jpg | AN60: 45448 | AO60: pending | AQ60: Apotek Rizki Tasik | AR60: apotekrizki06@gmail.com | AS60: document_siup | AT60: /legal_documents/company/3772/document_siup.pdf | AU60: 46498 | AV60: pending | AX60: Apotek Lestari Amanah Farma | AY60: lestariamanahfarma@gmail.com | AZ60: document_stra_apoteker | BA60: /legal_documents/company/3402/document_stra_apoteker.jpg | BB60: 45346 | BC60: pending | BL60: APT. NAGA FARMA PASBAR | BM60: aptnagafarmapasbar@gmail.com | BN60: document_surat_izin_apotek | BO60: /legal_documents/company/4063/document_surat_izin_apotek.pdf | BP60: 44927 | BQ60: pending
A61: Apotek Phalma Agung | B61: phalmaagung18@gmail.com | C61: document_foto_lokasi_bagunan_fisik | D61: /legal_documents/company/4314/document_foto_lokasi_bagunan_fisik.jpeg | F61: pending | H61: Apotek Sahabat | I61: ayufatmala600@gmail.com | J61: document_ktp_pemilik_sarana | K61: /legal_documents/company/34709/document_ktp_pemilik_sarana.jpeg | M61: pending | O61: Apotek Anugrah Padang panjang | P61: apotikanugrahpadangpanjang@gmail.com | Q61: document_npwp | R61: /legal_documents/company/4056/document_npwp.pdf | T61: pending | V61: PT. Teknologi Medika Pratama | W61: Teknologimedikapratama.23@gmail.com | X61: document_sertifikasi_cdob | Y61: /legal_documents/company/5221/document_sertifikasi_cdob.jpeg | Z61: 46332 | AA61: pending | AJ61: Apotek Kulon Palang | AK61: kulonpalang47@gmail.com | AL61: document_sipa_sika_apoteker | AM61: /legal_documents/company/3797/document_sipa_sika_apoteker.jpeg | AN61: 46313 | AO61: pending | AQ61: APT. PRAYOGI | AR61: widjajaprayogi@gmail.com | AS61: document_siup | AT61: /legal_documents/company/2344/document_siup.jpg | AU61: 45448 | AV61: pending | AX61: Apotek bunda | AY61: apotekbundaf@gmail.com | AZ61: document_stra_apoteker | BA61: /legal_documents/company/4055/document_stra_apoteker.jpg | BB61: 46267 | BC61: pending | BL61: APOTEK MURAH FARMA 2 | BM61: murahfarmajyp2@gmail.com | BN61: document_surat_izin_apotek | BO61: /legal_documents/company/3559/document_surat_izin_apotek.jpeg | BP61: 46305 | BQ61: pending
... A118: Apotek Kereta Sari | B118: aptkeretasari@yahoo.com | C118: document_foto_lokasi_bagunan_fisik | D118: /legal_documents/company/4764/document_foto_lokasi_bagunan_fisik.jpeg | F118: pending | H118: apotek canira farma | I118: apotekcanirafarma151@gmail.com | J118: document_ktp_pemilik_sarana | K118: /legal_documents/company/35667/document_ktp_pemilik_sarana.jpeg | M118: pending | O118: PT. ANTAR MITRA PAPUA | P118: ampjayapura@yahoo.com | Q118: document_npwp | R118: /legal_documents/company/4220/document_npwp.jpg | T118: pending | V118: PT PAPUA SUKSES ABADI | W118: adm.psa13@gmail.com | X118: document_sertifikasi_cdob | Y118: /legal_documents/company/20662/document_sertifikasi_cdob.pdf | Z118: 45883 | AA118: pending | AJ118: Apotek Asean 5 | AK118: apotikasean5@gmail.com | AL118: document_sipa_sika_apoteker | AM118: /legal_documents/company/4210/document_sipa_sika_apoteker.jpg | AN118: 45008 | AO118: pending | AQ118: Apotek Asean 5 | AR118: apotikasean5@gmail.com | AS118: document_siup | AT118: /legal_documents/company/4210/document_siup.jpg | AU118: 45008 | AV118: pending | AX118: RSU Andhika | AY118: auliachsn@gmail.com | AZ118: document_stra_apoteker | BA118: /legal_documents/company/1689/document_stra_apoteker.pdf | BB118: 46115 | BC118: pending | BL118: Apotek Jaya Farma Padang | BM118: apotikjayafarmapdg@gmail.com | BN118: document_surat_izin_apotek | BO118: /legal_documents/company/4249/document_surat_izin_apotek.pdf | BP118: 46063 | BQ118: pending
A119: Apotik Samawa | B119: apotiksamawa@gmail.com | C119: document_foto_lokasi_bagunan_fisik | D119: /legal_documents/company/4755/document_foto_lokasi_bagunan_fisik.jpeg | F119: pending | H119: Puskesmas Tanggeung | I119: farmasi.tanggeung01@gmail.com | J119: document_ktp_pemilik_sarana | K119: /legal_documents/company/35669/document_ktp_pemilik_sarana.jpeg | M119: pending | O119: Apotek Luwes | P119: Apt.luwessolo@gmail.com | Q119: document_npwp | R119: /legal_documents/company/4218/document_npwp.jpeg | T119: pending | V119: PT SUMATERA PUTERA FARMASI | W119: ptsumateraputerafarmasi23@gmail.com | X119: document_sertifikasi_cdob | Y119: /legal_documents/company/20675/document_sertifikasi_cdob.pdf | Z119: 46811 | AA119: pending | AJ119: Apotek Lentera Farma | AK119: llenterafarma0522@gmail.com | AL119: document_sipa_sika_apoteker | AM119: /legal_documents/company/4215/document_sipa_sika_apoteker.pdf | AN119: 46561 | AO119: pending | AQ119: Siloam Hospitals Lippo Village | AR119: siloamhospitals22@gmail.com | AS119: document_siup | AT119: /legal_documents/company/4212/document_siup.jpg | AU119: 45993 | AV119: pending | AX119: PT. ANTAR MITRA PAPUA | AY119: ampjayapura@yahoo.com | AZ119: document_stra_apoteker | BA119: /legal_documents/company/4220/document_stra_apoteker.pdf | BB119: 46147 | BC119: pending | BL119: Apotek Mediva | BM119: medivaapotek@gmail.com | BN119: document_surat_izin_apotek | BO119: /legal_documents/company/4263/document_surat_izin_apotek.jpg | BQ119: pending
A120: Rumah Sakit Pluit | B120: pengadaanrspluit@gmail.com | C120: document_foto_lokasi_bagunan_fisik | D120: /legal_documents/company/4802/document_foto_lokasi_bagunan_fisik.jpeg | F120: pending | H120: RSI AISYIYAH | I120: rsiaisyiyah_malang@yahoo.com | J120: document_ktp_pemilik_sarana | K120: /legal_documents/company/2887/document_ktp_pemilik_sarana.pdf | M120: pending | O120: RS Dharma Yadnya | P120: rsdharmayadnyadps@gmail.com | Q120: document_npwp | R120: /legal_documents/company/4221/document_npwp.jpeg | T120: pending | V120: PT LOGIN SUKSES | W120: sukses.login@yahoo.co.id | X120: document_sertifikasi_cdob | Y120: /legal_documents/company/3251/document_sertifikasi_cdob.pdf | Z120: 46247 | AA120: pending | AJ120: RSU Andhika | AK120: auliachsn@gmail.com | AL120: document_sipa_sika_apoteker | AM120: /legal_documents/company/1689/document_sipa_sika_apoteker.pdf | AN120: 46115 | AO120: pending | AQ120: RSU Andhika | AR120: auliachsn@gmail.com | AS120: document_siup | AT120: /legal_documents/company/1689/document_siup.jpeg | AU120: 45600 | AV120: pending | AX120: Apotek Luwes | AY120: Apt.luwessolo@gmail.com | AZ120: document_stra_apoteker | BA120: /legal_documents/company/4218/document_stra_apoteker.jpeg | BB120: 46120 | BC120: pending | BL120: Apotek Syanala | BM120: apoteksyanalanegara@gmail.com | BN120: document_surat_izin_apotek | BO120: /legal_documents/company/4261/document_surat_izin_apotek.jpeg | BP120: 46059 | BQ120: pending
A121: Instalasi Farmasi RSUD Ajibarang | B121: rsudajibarangifrs@gmail.com | C121: document_foto_lokasi_bagunan_fisik | D121: /legal_documents/company/4807/document_foto_lokasi_bagunan_fisik.jpeg | F121: pending | H121: YAYASAN RS PANTI NIRMALA | I121: rspnmlg@yahoo.com | J121: document_ktp_pemilik_sarana | K121: /legal_documents/company/2890/document_ktp_pemilik_sarana.pdf | M121: pending | O121: Apotek Zita Farma | P121: apotekzitafarma@gmail.com | Q121: document_npwp | R121: /legal_documents/company/4225/document_npwp.pdf | T121: pending | V121: PT KIMIA FARMA TRADING & DISTRIBUTION | W121: procurement@kftd.co.id | X121: document_sertifikasi_cdob | Y121: /legal_documents/company/5066/document_sertifikasi_cdob.pdf | Z121: 46798 | AA121: pending | AJ121: PT. ANTAR MITRA PAPUA | AK121: ampjayapura@yahoo.com | AL121: document_sipa_sika_apoteker | AM121: /legal_documents/company/4220/document_sipa_sika_apoteker.pdf | AN121: 46147 | AO121: pending | AQ121: Apotek Lentera Farma | AR121: llenterafarma0522@gmail.com | AS121: document_siup | AT121: /legal_documents/company/4215/document_siup.pdf | AU121: 46561 | AV121: pending | AX121: RS Dharma Yadnya | AY121: rsdharmayadnyadps@gmail.com | AZ121: document_stra_apoteker | BA121: /legal_documents/company/4221/document_stra_apoteker.pdf | BB121: 46196 | BC121: pending | BL121: Apotek Mustaqim Jaya | BM121: aptmustaqimjaya@gmail.com | BN121: document_surat_izin_apotek | BO121: /legal_documents/company/4266/document_surat_izin_apotek.pdf | BP121: 46279 | BQ121: pending
A122: PT. Kokoh Jaya Persada | B122: ptkokohjayapersada@gmail.com | C122: document_foto_lokasi_bagunan_fisik | D122: /legal_documents/company/4805/document_foto_lokasi_bagunan_fisik.pdf | F122: pending | H122: Apotek QTA Sehat | I122: ptfarmasiqtasehat@gmail.com | J122: document_ktp_pemilik_sarana | K122: /legal_documents/company/35666/document_ktp_pemilik_sarana.pdf | M122: pending | O122: Apotek Hafa Farma | P122: haffafarma@gmail.com | Q122: document_npwp | R122: /legal_documents/company/4224/document_npwp.pdf | T122: pending | V122: PT WICANA INDO NUGRAHA | W122: ptwin109@gmail.com | X122: document_sertifikasi_cdob | Y122: /legal_documents/company/20828/document_sertifikasi_cdob.jpeg | Z122: 45274 | AA122: pending | AJ122: Apotek Luwes | AK122: Apt.luwessolo@gmail.com | AL122: document_sipa_sika_apoteker | AM122: /legal_documents/company/4218/document_sipa_sika_apoteker.jpeg | AN122: 46120 | AO122: pending | AQ122: PT. ANTAR MITRA PAPUA | AR122: ampjayapura@yahoo.com | AS122: document_siup | AT122: /legal_documents/company/4220/document_siup.jpg | AU122: 46147 | AV122: pending | AX122: Apotek Zita Farma | AY122: apotekzitafarma@gmail.com | AZ122: document_stra_apoteker | BA122: /legal_documents/company/4225/document_stra_apoteker.pdf | BB122: 46026 | BC122: pending | BL122: Apotek Mulia Psry | BM122: aptmuliapsry@gmail.com | BN122: document_surat_izin_apotek | BO122: /legal_documents/company/4267/document_surat_izin_apotek.pdf | BP122: 45752 | BQ122: pending
A123: Apotek Setia Pamekasan | B123: Apotek_setia@yahoo.com | C123: document_foto_lokasi_bagunan_fisik | D123: /legal_documents/company/3437/document_foto_lokasi_bagunan_fisik.pdf | F123: pending | H123: Apotek Assalam | I123: assalam.apotektpi@gmail.com | J123: document_ktp_pemilik_sarana | K123: /legal_documents/company/35672/document_ktp_pemilik_sarana.pdf | M123: pending | O123: Apotek Indobat Kwanji | P123: indobatkwanji1@gmail.com | Q123: document_npwp | R123: /legal_documents/company/4209/document_npwp.pdf | T123: pending | V123: PT Sakajaja Makmur Abdi | W123: medbizkftd+10056561@gmail.com | X123: document_sertifikasi_cdob | Y123: /legal_documents/company/2859/document_sertifikasi_cdob.pdf | Z123: 46283 | AA123: pending | AJ123: RS Dharma Yadnya | AK123: rsdharmayadnyadps@gmail.com | AL123: document_sipa_sika_apoteker | AM123: /legal_documents/company/4221/document_sipa_sika_apoteker.jpeg | AN123: 46196 | AO123: pending | AQ123: Apotek Luwes | AR123: Apt.luwessolo@gmail.com | AS123: document_siup | AT123: /legal_documents/company/4218/document_siup.jpeg | AU123: 46365 | AV123: pending | AX123: Apotek Indobat Kwanji | AY123: indobatkwanji1@gmail.com | AZ123: document_stra_apoteker | BA123: /legal_documents/company/4209/document_stra_apoteker.pdf | BB123: 46115 | BC123: pending | BL123: Apotek Semoga Jaya | BM123: aptsemogajaya@gmail.com | BN123: document_surat_izin_apotek | BO123: /legal_documents/company/4256/document_surat_izin_apotek.pdf | BP123: 45811 | BQ123: pending
A124: Apotek Andalas | B124: apotekandalass@gmail.com | C124: document_foto_lokasi_bagunan_fisik | D124: /legal_documents/company/4817/document_foto_lokasi_bagunan_fisik.jpeg | F124: pending | H124: RS LOTIM MEDICAL CENTER | I124: eindrayani1990@gmail.com | J124: document_ktp_pemilik_sarana | K124: /legal_documents/company/20492/document_ktp_pemilik_sarana.png | M124: pending | O124: RSIA ANNISA PEKANBARU | P124: keuangan@annisapekanbaru.com | Q124: document_npwp | R124: /legal_documents/company/4227/document_npwp.jpeg | T124: pending | V124: PT. Enggal Perdana | W124: Purchasing.ptep@gmail.com | X124: document_sertifikasi_cdob | Y124: /legal_documents/company/5345/document_sertifikasi_cdob.pdf | Z124: 45462 | AA124: pending | AJ124: Apotek Zita Farma | AK124: apotekzitafarma@gmail.com | AL124: document_sipa_sika_apoteker | AM124: /legal_documents/company/4225/document_sipa_sika_apoteker.pdf | AN124: 46026 | AO124: pending | AQ124: RS Dharma Yadnya | AR124: rsdharmayadnyadps@gmail.com | AS124: document_siup | AT124: /legal_documents/company/4221/document_siup.jpeg | AU124: 45819 | AV124: pending | AX124: Apotek Hafa Farma | AY124: haffafarma@gmail.com | AZ124: document_stra_apoteker | BA124: /legal_documents/company/4224/document_stra_apoteker.pdf | BB124: 46205 | BC124: pending | BL124: Apotek Rakyat Sehat | BM124: erick.cantona13013@gmail.com | BN124: document_surat_izin_apotek | BO124: /legal_documents/company/4270/document_surat_izin_apotek.pdf | BP124: 45672 | BQ124: pending
A125: Apotek Limbangan | B125: limbanganapotek@gmail.com | C125: document_foto_lokasi_bagunan_fisik | D125: /legal_documents/company/4823/document_foto_lokasi_bagunan_fisik.jpg | F125: pending | H125: RSIA GALERI CANDRA | I125: medbizkftd+10011674@gmail.com | J125: document_ktp_pemilik_sarana | K125: /legal_documents/company/27242/document_ktp_pemilik_sarana.jpeg | M125: pending | O125: Apotek Aeri Farma | P125: apotekaerifarma22@gmail.com | Q125: document_npwp | R125: /legal_documents/company/4228/document_npwp.pdf | T125: pending | V125: PT BINTANG MEDIKA BERSAMA MEDAN | W125: ptbintangmedikabersamamedan@gmail.com | X125: document_sertifikasi_cdob | Y125: /legal_documents/company/20830/document_sertifikasi_cdob.pdf | Z125: 45934 | AA125: pending | AJ125: Apotek Hafa Farma | AK125: haffafarma@gmail.com | AL125: document_sipa_sika_apoteker | AM125: /legal_documents/company/4224/document_sipa_sika_apoteker.pdf | AN125: 46205 | AO125: pending | AQ125: Apotek Zita Farma | AR125: apotekzitafarma@gmail.com | AS125: document_siup | AT125: /legal_documents/company/4225/document_siup.pdf | AU125: 46026 | AV125: pending | AX125: RSIA ANNISA PEKANBARU | AY125: keuangan@annisapekanbaru.com | AZ125: document_stra_apoteker | BA125: /legal_documents/company/4227/document_stra_apoteker.pdf | BB125: 46017 | BC125: pending | BL125: Apotek SEGAR | BM125: apoteksegar48@gmail.com | BN125: document_surat_izin_apotek | BO125: /legal_documents/company/4272/document_surat_izin_apotek.jpg | BP125: 46035 | BQ125: pending
A126: Klinik Esensia | B126: vivinviva38@gmail.com | C126: document_foto_lokasi_bagunan_fisik | D126: /legal_documents/company/4821/document_foto_lokasi_bagunan_fisik.pdf | F126: pending | H126: Apotek Alam Hijau | I126: hakimaraya@gmail.com | J126: document_ktp_pemilik_sarana | K126: /legal_documents/company/35673/document_ktp_pemilik_sarana.jpeg | M126: pending | O126: Rumah Sakit Umum Daerah (RSUD) KRT Setjo | P126: setjonegororsud@gmail.com | Q126: document_npwp | R126: /legal_documents/company/4192/document_npwp.jpeg | T126: pending | V126: PT PRIMA ANUGERAH MANDIRI | W126: Yogiprawirapratama22@gmail.com | X126: document_sertifikasi_cdob | Y126: /legal_documents/company/4483/document_sertifikasi_cdob.pdf | Z126: 45813 | AA126: pending | AJ126: Apotek Indobat Kwanji | AK126: indobatkwanji1@gmail.com | AL126: document_sipa_sika_apoteker | AM126: /legal_documents/company/4209/document_sipa_sika_apoteker.pdf | AN126: 46115 | AO126: pending | AQ126: Apotek Indobat Kwanji | AR126: indobatkwanji1@gmail.com | AS126: document_siup | AT126: /legal_documents/company/4209/document_siup.pdf | AU126: 46115 | AV126: pending | AX126: Apotek Aeri Farma | AY126: apotekaerifarma22@gmail.com | AZ126: document_stra_apoteker | BA126: /legal_documents/company/4228/document_stra_apoteker.pdf | BB126: 45624 | BC126: pending | BL126: Apotek Napa Farma Payakumbuh | BM126: aptnapafarmapyk@gmail.com | BN126: document_surat_izin_apotek | BO126: /legal_documents/company/4216/document_surat_izin_apotek.jpg | BP126: 46078 | BQ126: pending
A127: RS PKU Muhammadiyah Banjarnegara | B127: pkubanjarnegara3@gmail.com | C127: document_foto_lokasi_bagunan_fisik | D127: /legal_documents/company/4834/document_foto_lokasi_bagunan_fisik.jpg | F127: pending | H127: PT Solutech Global | I127: nannyfajar12@gmail.com | J127: document_ktp_pemilik_sarana | K127: /legal_documents/company/35676/document_ktp_pemilik_sarana.jpeg | M127: pending | O127: Apotek Wahid Farma | P127: apotekwahidfarma@gmail.com | Q127: document_npwp | R127: /legal_documents/company/4232/document_npwp.jpeg | T127: pending | V127: PT GIDION JAYA | W127: cindygidionjaya18@gmail.com | X127: document_sertifikasi_cdob | Y127: /legal_documents/company/20834/document_sertifikasi_cdob.pdf | Z127: 45632 | AA127: pending | AJ127: RSIA ANNISA PEKANBARU | AK127: keuangan@annisapekanbaru.com | AL127: document_sipa_sika_apoteker | AM127: /legal_documents/company/4227/document_sipa_sika_apoteker.pdf | AN127: 46017 | AO127: pending | AQ127: Apotek Hafa Farma | AR127: haffafarma@gmail.com | AS127: document_siup | AT127: /legal_documents/company/4224/document_siup.pdf | AU127: 46205 | AV127: pending | AX127: Apotek Wahid Farma | AY127: apotekwahidfarma@gmail.com | AZ127: document_stra_apoteker | BA127: /legal_documents/company/4232/document_stra_apoteker.jpeg | BB127: 46123 | BC127: pending | BL127: PT. KA DUA EMPAT | BM127: ibrahimmalik504@gmail.com | BN127: document_surat_izin_pbf | BO127: /legal_documents/company/4268/document_surat_izin_pbf.pdf | BP127: 46734 | BQ127: pending
A128: Apotek Madina | B128: apotekmadina5@gmail.com | C128: document_foto_lokasi_bagunan_fisik | D128: /legal_documents/company/4287/document_foto_lokasi_bagunan_fisik.png | F128: pending | H128: PT Solutech | I128: rizkypratama@solutechglobal.com | J128: document_ktp_pemilik_sarana | K128: /legal_documents/company/35675/document_ktp_pemilik_sarana.png | M128: pending | O128: RS Prima Medika | P128: rsprimamedikadenpasar@gmail.com | Q128: document_npwp | R128: /legal_documents/company/4229/document_npwp.pdf | T128: pending | V128: PT. LAB MEDIKA SEJAHTERA CABANG MALANG | W128: adm@mlg.labms.co.id | X128: document_sertifikasi_cdob | Y128: /legal_documents/company/2718/document_sertifikasi_cdob.jpeg | Z128: 45658 | AA128: pending | AJ128: Apotek Aeri Farma | AK128: apotekaerifarma22@gmail.com | AL128: document_sipa_sika_apoteker | AM128: /legal_documents/company/4228/document_sipa_sika_apoteker.pdf | AN128: 45624 | AO128: pending | AQ128: RSIA ANNISA PEKANBARU | AR128: keuangan@annisapekanbaru.com | AS128: document_siup | AT128: /legal_documents/company/4227/document_siup.pdf | AU128: 46017 | AV128: pending | AX128: Rumah Sakit Umum Daerah (RSUD) KRT Setjo | AY128: setjonegororsud@gmail.com | AZ128: document_stra_apoteker | BA128: /legal_documents/company/4192/document_stra_apoteker.pdf | BB128: 46327 | BC128: pending | BL128: Apotek Kimia Farma A.Yani | BM128: apotikkimiafarmaayani@gmail.com | BN128: document_surat_izin_apotek | BO128: /legal_documents/company/4213/document_surat_izin_apotek.pdf | BP128: 45593 | BQ128: pending
A129: Apotek Langgeng Waras | B129: dianharliantitan@gmail.com | C129: document_foto_lokasi_bagunan_fisik | D129: /legal_documents/company/2331/document_foto_lokasi_bagunan_fisik.jpg | F129: pending | H129: PT SUKSES KELUARGA SENTOSA | I129: raphaelklinik@gmail.com | J129: document_ktp_pemilik_sarana | K129: /legal_documents/company/5486/document_ktp_pemilik_sarana.jpeg | M129: pending | O129: Klinik Utama Rawat Inap Sari Dharma | P129: klinikutamasaridharma@gmail.com | Q129: document_npwp | R129: /legal_documents/company/4231/document_npwp.jpeg | T129: pending | V129: PT ADI BUANA CITRA DHARMALA | W129: medbizkftd+10012020@gmail.com | X129: document_sertifikasi_cdob | Y129: /legal_documents/company/27230/document_sertifikasi_cdob.pdf | Z129: 46312 | AA129: pending | AJ129: Apotek Wahid Farma | AK129: apotekwahidfarma@gmail.com | AL129: document_sipa_sika_apoteker | AM129: /legal_documents/company/4232/document_sipa_sika_apoteker.jpeg | AN129: 46123 | AO129: pending | AQ129: Apotek Aeri Farma | AR129: apotekaerifarma22@gmail.com | AS129: document_siup | AT129: /legal_documents/company/4228/document_siup.pdf | AU129: 45624 | AV129: pending | AX129: RS Prima Medika | AY129: rsprimamedikadenpasar@gmail.com | AZ129: document_stra_apoteker | BA129: /legal_documents/company/4229/document_stra_apoteker.pdf | BB129: 46252 | BC129: pending | BL129: Apotek Dewi Setya Farma | BM129: aptdewisetya@gmail.com | BN129: document_surat_izin_apotek | BO129: /legal_documents/company/4278/document_surat_izin_apotek.jpeg | BP129: 46274 | BQ129: pending
A130: Apotek Pelita Hidup | B130: apotekpelitahidup19@gmail.com | C130: document_foto_lokasi_bagunan_fisik | D130: /legal_documents/company/4250/document_foto_lokasi_bagunan_fisik.jpeg | F130: pending | H130: RSUI AL-MADINAH | I130: medbizkftd+10011990@gmail.com | J130: document_ktp_pemilik_sarana | K130: /legal_documents/company/10015/document_ktp_pemilik_sarana.jpeg | M130: pending | O130: Apotek Keluarga | P130: keluargaapotek1@gmail.com | Q130: document_npwp | R130: /legal_documents/company/4006/document_npwp.pdf | T130: pending | V130: PT. IKO MANDIRI PERDANA | W130: medbizkftd+10050752@gmail.com | X130: document_sertifikasi_cdob | Y130: /legal_documents/company/14708/document_sertifikasi_cdob.pdf | Z130: 46973 | AA130: pending | AJ130: Rumah Sakit Umum Daerah (RSUD) KRT Setjo | AK130: setjonegororsud@gmail.com | AL130: document_sipa_sika_apoteker | AM130: /legal_documents/company/4192/document_sipa_sika_apoteker.pdf | AN130: 46327 | AO130: pending | AQ130: Apotek Wahid Farma | AR130: apotekwahidfarma@gmail.com | AS130: document_siup | AT130: /legal_documents/company/4232/document_siup.jpeg | AU130: 46231 | AV130: pending | AX130: Klinik Utama Rawat Inap Sari Dharma | AY130: klinikutamasaridharma@gmail.com | AZ130: document_stra_apoteker | BA130: /legal_documents/company/4231/document_stra_apoteker.pdf | BB130: 46199 | BC130: pending | BL130: Apotek K-24 Cunda | BM130: jihanfarah96@gmail.com | BN130: document_surat_izin_apotek | BO130: /legal_documents/company/4276/document_surat_izin_apotek.pdf | BP130: 46313 | BQ130: pending
A131: Apotek Gaharu | B131: apotekgaharu2@gmail.com | C131: document_foto_lokasi_bagunan_fisik | D131: /legal_documents/company/4863/document_foto_lokasi_bagunan_fisik.jpeg | F131: pending | H131: Apotik Samari Pharma | I131: apotiksamaripharma@gmail.com | J131: document_ktp_pemilik_sarana | K131: /legal_documents/company/35677/document_ktp_pemilik_sarana.jpeg | M131: pending | O131: Apotek Bagas Medika | P131: apotekbagasmedikadps@gmail.com | Q131: document_npwp | R131: /legal_documents/company/4234/document_npwp.jpeg | T131: pending | V131: PT EPTA JAYA MANDIRI | W131: cornelia.helda@gmail.com | X131: document_sertifikasi_cdob | Y131: /legal_documents/company/34751/document_sertifikasi_cdob.pdf | Z131: 47314 | AA131: pending | AJ131: RS Prima Medika | AK131: rsprimamedikadenpasar@gmail.com | AL131: document_sipa_sika_apoteker | AM131: /legal_documents/company/4229/document_sipa_sika_apoteker.pdf | AN131: 46210 | AO131: pending | AQ131: Rumah Sakit Umum Daerah (RSUD) KRT Setjo | AR131: setjonegororsud@gmail.com | AS131: document_siup | AT131: /legal_documents/company/4192/document_siup.pdf | AU131: 46691 | AV131: pending | AX131: Apotek Keluarga | AY131: keluargaapotek1@gmail.com | AZ131: document_stra_apoteker | BA131: /legal_documents/company/4006/document_stra_apoteker.pdf | BB131: 45930 | BC131: pending | BL131: Apotek Bulan | BM131: aptbulan@yahoo.com | BN131: document_surat_izin_apotek | BO131: /legal_documents/company/4280/document_surat_izin_apotek.pdf | BP131: 46364 | BQ131: pending
... A134: Apotek Sehat Malaka | B134: aptsehatbetun@yahoo.com | C134: document_foto_lokasi_bagunan_fisik | D134: /legal_documents/company/4909/document_foto_lokasi_bagunan_fisik.jpeg | F134: pending | H134: PT Apotek Semanggi Care | I134: semanggicare24@gmail.com | J134: document_ktp_pemilik_sarana | K134: /legal_documents/company/35665/document_ktp_pemilik_sarana.jpeg | M134: pending | O134: Apotek Tangkas Medika Glogor Carik | P134: aptangkasmedika@gmail.com | Q134: document_npwp | R134: /legal_documents/company/4235/document_npwp.jpeg | T134: pending | V134: PT BIOGEN SCIENTIFIC | W134: harti@biogenscientific.co.id | X134: document_sertifikasi_cdob | Y134: /legal_documents/company/35697/document_sertifikasi_cdob.pdf | Z134: 46775 | AA134: pending | AJ134: Apotek Bagas Medika | AK134: apotekbagasmedikadps@gmail.com | AL134: document_sipa_sika_apoteker | AM134: /legal_documents/company/4234/document_sipa_sika_apoteker.jpeg | AN134: 45823 | AO134: pending | AQ134: Apotek Keluarga | AR134: keluargaapotek1@gmail.com | AS134: document_siup | AT134: /legal_documents/company/4006/document_siup.pdf | AU134: 45930 | AV134: pending | AX134: RS Hermina Serpong | AY134: rsherminaserpong22@gmail.com | AZ134: document_stra_apoteker | BA134: /legal_documents/company/4237/document_stra_apoteker.jpeg | BB134: 45683 | BC134: pending | BL134: Apotek Asy-Syfa Batusangkar | BM134: aptasysyifabts@gmail.com | BN134: document_surat_izin_apotek | BO134: /legal_documents/company/4282/document_surat_izin_apotek.jpg | BP134: 46256 | BQ134: pending
A135: Apotek Setia Borong | B135: aptsetiaborong@gmail.com | C135: document_foto_lokasi_bagunan_fisik | D135: /legal_documents/company/4950/document_foto_lokasi_bagunan_fisik.jpeg | F135: pending | H135: RS. Aisiyiah Bojonegoro | I135: nurinnadliroh6@gmail.com | J135: document_ktp_pemilik_sarana | K135: /legal_documents/company/3975/document_ktp_pemilik_sarana.jpeg | M135: pending | O135: RSU Semara Ratih | P135: instalasifarmasirssr@gmail.com | Q135: document_npwp | R135: /legal_documents/company/4236/document_npwp.jpeg | T135: pending | AJ135: Siloam Hospitals Lippo Village | AK135: siloamhospitals22@gmail.com | AL135: document_sipa_sika_apoteker | AM135: /legal_documents/company/4212/document_sipa_sika_apoteker.jpg | AN135: 46525 | AO135: pending | AQ135: Apotek Bagas Medika | AR135: apotekbagasmedikadps@gmail.com | AS135: document_siup | AT135: /legal_documents/company/4234/document_siup.pdf | AU135: 46470 | AV135: pending | AX135: Apotek Cariabawa Perdana | AY135: santhiryani@gmail.com | AZ135: document_stra_apoteker | BA135: /legal_documents/company/4219/document_stra_apoteker.pdf | BB135: 45124 | BC135: pending | BL135: Apotek Al Irsyad | BM135: Apotek.alirsyad441@gmail.com | BN135: document_surat_izin_apotek | BO135: /legal_documents/company/4283/document_surat_izin_apotek.jpg | BP135: 46321 | BQ135: pending
A136: Apotek Crystal Farma Kuanino | B136: aptcrystalk@gmail.com | C136: document_foto_lokasi_bagunan_fisik | D136: /legal_documents/company/4953/document_foto_lokasi_bagunan_fisik.jpeg | F136: pending | H136: APOTEK SAHABAT | I136: medbizkftd+10099103@gmail.com | J136: document_ktp_pemilik_sarana | K136: /legal_documents/company/34379/document_ktp_pemilik_sarana.jpeg | M136: pending | O136: Apotek Ammar Farma | P136: ammarfarmapelalawan@gmail.com | Q136: document_npwp | R136: /legal_documents/company/4226/document_npwp.jpg | T136: pending | AJ136: RS Hermina Serpong | AK136: rsherminaserpong22@gmail.com | AL136: document_sipa_sika_apoteker | AM136: /legal_documents/company/4237/document_sipa_sika_apoteker.jpeg | AN136: 45683 | AO136: pending | AQ136: RS Hermina Serpong | AR136: rsherminaserpong22@gmail.com | AS136: document_siup | AT136: /legal_documents/company/4237/document_siup.pdf | AU136: 45837 | AV136: pending | AX136: Apotek Tangkas Medika Glogor Carik | AY136: aptangkasmedika@gmail.com | AZ136: document_stra_apoteker | BA136: /legal_documents/company/4235/document_stra_apoteker.jpeg | BB136: 45923 | BC136: pending | BL136: Apotek Metro Farma | BM136: aptmetrofarmabts@gmail.com | BN136: document_surat_izin_apotek | BO136: /legal_documents/company/4284/document_surat_izin_apotek.pdf | BP136: 46385 | BQ136: pending
A137: Apotek Berkah Doa | B137: ikhaxdyan@gmail.com | C137: document_foto_lokasi_bagunan_fisik | D137: /legal_documents/company/5020/document_foto_lokasi_bagunan_fisik.jpg | F137: pending | H137: Apotek Hegar Farma | I137: elby6666@gmail.com | J137: document_ktp_pemilik_sarana | K137: /legal_documents/company/35678/document_ktp_pemilik_sarana.jpeg | M137: pending | O137: Apotek Shafa Farma Padang | P137: shafarmapdg@gmail.com | Q137: document_npwp | R137: /legal_documents/company/4241/document_npwp.pdf | T137: pending | AJ137: Apotek Cariabawa Perdana | AK137: santhiryani@gmail.com | AL137: document_sipa_sika_apoteker | AM137: /legal_documents/company/4219/document_sipa_sika_apoteker.pdf | AN137: 45124 | AO137: pending | AQ137: Apotek Cariabawa Perdana | AR137: santhiryani@gmail.com | AS137: document_siup | AT137: /legal_documents/company/4219/document_siup.pdf | AU137: 45824 | AV137: pending | AX137: RSU Semara Ratih | AY137: instalasifarmasirssr@gmail.com | AZ137: document_stra_apoteker | BA137: /legal_documents/company/4236/document_stra_apoteker.pdf | BB137: 45731 | BC137: pending | BL137: Apotek Sinar Jaya Banjar | BM137: apoteksinarjaya@gmail.com | BN137: document_surat_izin_apotek | BO137: /legal_documents/company/2986/document_surat_izin_apotek.pdf | BP137: 45131 | BQ137: pending
A138: PT Pancabala Jaya Makmur | B138: ptpancabalajayamakmur@gmail.com | C138: document_foto_lokasi_bagunan_fisik | D138: /legal_documents/company/1917/document_foto_lokasi_bagunan_fisik.jpg | F138: pending | H138: Apotek Mayangkara | I138: apotekmayangkara@gmail.com | J138: document_ktp_pemilik_sarana | K138: /legal_documents/company/35692/document_ktp_pemilik_sarana.jpeg | M138: pending | O138: Apotek Ayu Farma Pasbar | P138: ayufarma@gmail.com | Q138: document_npwp | R138: /legal_documents/company/3721/document_npwp.pdf | T138: pending | AJ138: Apotek Tangkas Medika Glogor Carik | AK138: aptangkasmedika@gmail.com | AL138: document_sipa_sika_apoteker | AM138: /legal_documents/company/4235/document_sipa_sika_apoteker.jpeg | AN138: 45923 | AO138: pending | AQ138: Apotek Tangkas Medika Glogor Carik | AR138: aptangkasmedika@gmail.com | AS138: document_siup | AT138: /legal_documents/company/4235/document_siup.jpeg | AU138: 46371 | AV138: pending | AX138: Apotek Ammar Farma | AY138: ammarfarmapelalawan@gmail.com | AZ138: document_stra_apoteker | BA138: /legal_documents/company/4226/document_stra_apoteker.jpg | BB138: 45737 | BC138: pending | BL138: Apotek Farma Indah | BM138: apotikfarmaindah1@gmail.com | BN138: document_surat_izin_apotek | BO138: /legal_documents/company/4277/document_surat_izin_apotek.jpg | BP138: 45775 | BQ138: pending
A139: Apotek Sehat Bogor | B139: aptsehatkotabogor@gmail.com | C139: document_foto_lokasi_bagunan_fisik | D139: /legal_documents/company/3746/document_foto_lokasi_bagunan_fisik.pdf | F139: pending | H139: Apotek Rhee | I139: gustiahpdn2@gmail.com | J139: document_ktp_pemilik_sarana | K139: /legal_documents/company/20498/document_ktp_pemilik_sarana.jpeg | M139: pending | O139: CV. Rila Karya Makmur | P139: syahr8383@gmail.com | Q139: document_npwp | R139: /legal_documents/company/3712/document_npwp.jpg | T139: pending | AJ139: RSU Semara Ratih | AK139: instalasifarmasirssr@gmail.com | AL139: document_sipa_sika_apoteker | AM139: /legal_documents/company/4236/document_sipa_sika_apoteker.jpeg | AN139: 45731 | AO139: pending | AQ139: RSU Semara Ratih | AR139: instalasifarmasirssr@gmail.com | AS139: document_siup | AT139: /legal_documents/company/4236/document_siup.pdf | AU139: 46574 | AV139: pending | AX139: Apotek Shafa Farma Padang | AY139: shafarmapdg@gmail.com | AZ139: document_stra_apoteker | BA139: /legal_documents/company/4241/document_stra_apoteker.pdf | BB139: 45470 | BC139: pending | BL139: Apotek Ronas Farma | BM139: aptronasfarma@gmail.com | BN139: document_surat_izin_apotek | BO139: /legal_documents/company/4288/document_surat_izin_apotek.pdf | BP139: 46380 | BQ139: pending
A140: Apotek Radtya Farma | B140: apotekraditiya@gmail.com | C140: document_foto_lokasi_bagunan_fisik | D140: /legal_documents/company/1987/document_foto_lokasi_bagunan_fisik.jpg | F140: pending | H140: Apotek Bugar | I140: izan.daglu@gmail.com | J140: document_ktp_pemilik_sarana | K140: /legal_documents/company/35693/document_ktp_pemilik_sarana.jpeg | M140: pending | O140: RSU Hermina Kemayoran | P140: farmasi.kemayoran@herminahospitals.com | Q140: document_npwp | R140: /legal_documents/company/4251/document_npwp.pdf | T140: pending | AJ140: Apotek Ammar Farma | AK140: ammarfarmapelalawan@gmail.com | AL140: document_sipa_sika_apoteker | AM140: /legal_documents/company/4226/document_sipa_sika_apoteker.jpg | AN140: 45737 | AO140: pending | AQ140: Apotek Ammar Farma | AR140: ammarfarmapelalawan@gmail.com | AS140: document_siup | AT140: /legal_documents/company/4226/document_siup.pdf | AU140: 45737 | AV140: pending | AX140: Apotek Ayu Farma Pasbar | AY140: ayufarma@gmail.com | AZ140: document_stra_apoteker | BA140: /legal_documents/company/3721/document_stra_apoteker.pdf | BB140: 46256 | BC140: pending | BL140: Apotek Pelengkap RSUD Prof DR. MA | BM140: aptpelrsudbts@gmail.com | BN140: document_surat_izin_apotek | BO140: /legal_documents/company/4285/document_surat_izin_apotek.jpg | BP140: 46066 | BQ140: pending
A141: Rumah Sakit Kartika Kasih | B141: rskartikakasih123@gmail.com | C141: document_foto_lokasi_bagunan_fisik | D141: /legal_documents/company/2151/document_foto_lokasi_bagunan_fisik.pdf | F141: pending | H141: Apotek Otista Garut | I141: Otistaapt141@gmail.com | J141: document_ktp_pemilik_sarana | K141: /legal_documents/company/3165/document_ktp_pemilik_sarana.jpeg | M141: pending | O141: Apotek Sumber Farma | P141: nindratami@gmail.com | Q141: document_npwp | R141: /legal_documents/company/4174/document_npwp.jpeg | T141: pending | AJ141: Apotek Shafa Farma Padang | AK141: shafarmapdg@gmail.com | AL141: document_sipa_sika_apoteker | AM141: /legal_documents/company/4241/document_sipa_sika_apoteker.pdf | AN141: 45470 | AO141: pending | AQ141: Apotek Shafa Farma Padang | AR141: shafarmapdg@gmail.com | AS141: document_siup | AT141: /legal_documents/company/4241/document_siup.pdf | AU141: 45470 | AV141: pending | AX141: RSU Hermina Kemayoran | AY141: farmasi.kemayoran@herminahospitals.com | AZ141: document_stra_apoteker | BA141: /legal_documents/company/4251/document_stra_apoteker.pdf | BB141: 46552 | BC141: pending | BL141: Apotek Rahayu Ponorogo | BM141: aptrahayuponorogo@gmail.com | BN141: document_surat_izin_apotek | BO141: /legal_documents/company/4290/document_surat_izin_apotek.jpeg | BP141: 46292 | BQ141: pending
A142: Apotek Manjur | B142: apotikmanjur6@gmail.com | C142: document_foto_lokasi_bagunan_fisik | D142: /legal_documents/company/1910/document_foto_lokasi_bagunan_fisik.jpg | F142: pending | H142: Apotek Pagelaran | I142: mdedenfaizal@gmail.com | J142: document_ktp_pemilik_sarana | K142: /legal_documents/company/35694/document_ktp_pemilik_sarana.pdf | M142: pending | O142: RS MENTARI | P142: rsmentari22@gmail.com | Q142: document_npwp | R142: /legal_documents/company/4254/document_npwp.jpeg | T142: pending | AJ142: Apotek Ayu Farma Pasbar | AK142: ayufarma@gmail.com | AL142: document_sipa_sika_apoteker | AM142: /legal_documents/company/3721/document_sipa_sika_apoteker.pdf | AN142: 46256 | AO142: pending | AQ142: Apotek Ayu Farma Pasbar | AR142: ayufarma@gmail.com | AS142: document_siup | AT142: /legal_documents/company/3721/document_siup.pdf | AU142: 46256 | AV142: pending | AX142: Apotek Sumber Farma | AY142: nindratami@gmail.com | AZ142: document_stra_apoteker | BA142: /legal_documents/company/4174/document_stra_apoteker.jpeg | BB142: 45979 | BC142: pending | BL142: Apotek Assalam Boyolali | BM142: aptassalamboyolali@gmail.com | BN142: document_surat_izin_apotek | BO142: /legal_documents/company/4291/document_surat_izin_apotek.jpeg | BP142: 46175 | BQ142: pending
A143: Apotek Makmur | B143: apotikmakmur17@gmail.com | C143: document_foto_lokasi_bagunan_fisik | D143: /legal_documents/company/1911/document_foto_lokasi_bagunan_fisik.jpg | F143: pending | H143: PT SAGI CAPRI | I143: sagi.capri@yahoo.com | J143: document_ktp_pemilik_sarana | K143: /legal_documents/company/2143/document_ktp_pemilik_sarana.png | M143: pending | O143: Apotek K24 Bambu Apus | P143: apotekk462@gmail.com | Q143: document_npwp | R143: /legal_documents/company/4239/document_npwp.jpeg | T143: pending | AJ143: RSU Hermina Kemayoran | AK143: farmasi.kemayoran@herminahospitals.com | AL143: document_sipa_sika_apoteker | AM143: /legal_documents/company/4251/document_sipa_sika_apoteker.jpeg | AN143: 45380 | AO143: pending | AQ143: RSU Hermina Kemayoran | AR143: farmasi.kemayoran@herminahospitals.com | AS143: document_siup | AT143: /legal_documents/company/4251/document_siup.jpeg | AU143: 45380 | AV143: pending | AX143: RS MENTARI | AY143: rsmentari22@gmail.com | AZ143: document_stra_apoteker | BA143: /legal_documents/company/4254/document_stra_apoteker.jpeg | BB143: 45844 | BC143: pending | BL143: PT. Sumber Agung Sentosa | BM143: ptsas.mail@gmail.com | BN143: document_surat_izin_pbf | BO143: /legal_documents/company/4292/document_surat_izin_pbf.pdf | BP143: 46314 | BQ143: pending
A144: Apotek Restu Farma | B144: Aptrestufarma10@gmail.com | C144: document_foto_lokasi_bagunan_fisik | D144: /legal_documents/company/1883/document_foto_lokasi_bagunan_fisik.jpg | F144: pending | H144: PT DANA REJEKI FARMA | I144: danarizqi08@gmail.com | J144: document_ktp_pemilik_sarana | K144: /legal_documents/company/35695/document_ktp_pemilik_sarana.jpeg | M144: pending | O144: Apotek Sinar Sehat | P144: apoteksinarsehat32@gmail.com | Q144: document_npwp | R144: /legal_documents/company/4240/document_npwp.jpeg | T144: pending | AJ144: Apotek Sumber Farma | AK144: nindratami@gmail.com | AL144: document_sipa_sika_apoteker | AM144: /legal_documents/company/4174/document_sipa_sika_apoteker.jpeg | AN144: 45979 | AO144: pending | AQ144: Apotek Sumber Farma | AR144: nindratami@gmail.com | AS144: document_siup | AT144: /legal_documents/company/4174/document_siup.jpeg | AU144: 46351 | AV144: pending | AX144: Apotek K24 Bambu Apus | AY144: apotekk462@gmail.com | AZ144: document_stra_apoteker | BA144: /legal_documents/company/4239/document_stra_apoteker.jpeg | BB144: 45140 | BC144: pending | BL144: Apotek Assyfa Farma Padang | BM144: aptassyfarma@gmail.com | BN144: document_surat_izin_apotek | BO144: /legal_documents/company/4265/document_surat_izin_apotek.pdf | BP144: 46355 | BQ144: pending
A145: PT Berkat Mahkota Putra | B145: ptberkatmahkotaputra@gmail.com | C145: document_foto_lokasi_bagunan_fisik | D145: /legal_documents/company/1915/document_foto_lokasi_bagunan_fisik.jpg | F145: pending | H145: PT Perusahaan Perdagangan Indonesia | I145: pengadaan_farmasi@ptppi.co.id | J145: document_ktp_pemilik_sarana | K145: /legal_documents/company/35696/document_ktp_pemilik_sarana.pdf | M145: pending | O145: Apotek Berkah Abadi Medika | P145: apotekberkahabadimedika@gmail.com | Q145: document_npwp | R145: /legal_documents/company/4255/document_npwp.jpeg | T145: pending | AJ145: RS MENTARI | AK145: rsmentari22@gmail.com | AL145: document_sipa_sika_apoteker | AM145: /legal_documents/company/4254/document_sipa_sika_apoteker.jpeg | AN145: 45844 | AO145: pending | AQ145: RS MENTARI | AR145: rsmentari22@gmail.com | AS145: document_siup | AT145: /legal_documents/company/4254/document_siup.jpeg | AU145: 45722 | AV145: pending | AX145: Apotek Sinar Sehat | AY145: apoteksinarsehat32@gmail.com | AZ145: document_stra_apoteker | BA145: /legal_documents/company/4240/document_stra_apoteker.jpeg | BB145: 46379 | BC145: pending | BL145: Apotek Farmacia | BM145: apotekfarmacia3@gmail.com | BN145: document_surat_izin_apotek | BO145: /legal_documents/company/4248/document_surat_izin_apotek.jpeg | BP145: 46336 | BQ145: pending
A146: Apotek BM | B146: zahrohfatimatuz1@gmail.com | C146: document_foto_lokasi_bagunan_fisik | D146: /legal_documents/company/4748/document_foto_lokasi_bagunan_fisik.pdf | F146: pending | H146: PT BIOGEN SCIENTIFIC | I146: harti@biogenscientific.co.id | J146: document_ktp_pemilik_sarana | K146: /legal_documents/company/35697/document_ktp_pemilik_sarana.pdf | M146: pending | O146: Apotek Asean 6 | P146: apotikasean6pku@gmail.com | Q146: document_npwp | R146: /legal_documents/company/3735/document_npwp.jpg | T146: pending | AJ146: Apotek K24 Bambu Apus | AK146: apotekk462@gmail.com | AL146: document_sipa_sika_apoteker | AM146: /legal_documents/company/4239/document_sipa_sika_apoteker.jpeg | AN146: 45140 | AO146: pending | AQ146: Apotek K24 Bambu Apus | AR146: apotekk462@gmail.com | AS146: document_siup | AT146: /legal_documents/company/4239/document_siup.jpeg | AU146: 45140 | AV146: pending | AX146: Apotek Berkah Abadi Medika | AY146: apotekberkahabadimedika@gmail.com | AZ146: document_stra_apoteker | BA146: /legal_documents/company/4255/document_stra_apoteker.pdf | BB146: 45189 | BC146: pending | BL146: Apotek Vita Lestari Tasik | BM146: leniziraqlz6@gmail.com | BN146: document_surat_izin_apotek | BO146: /legal_documents/company/3817/document_surat_izin_apotek.pdf | BP146: 46278 | BQ146: pending
... A150: Apotek 9 Jaya Farma | B150: sy9.jayafarma@gmail.com | C150: document_foto_lokasi_bagunan_fisik | D150: /legal_documents/company/3738/document_foto_lokasi_bagunan_fisik.jpeg | F150: pending | H150: Apotek Tiara Farma 2 | I150: apt.tiarafarma02@gmail.com | J150: document_ktp_pemilik_sarana | K150: /legal_documents/company/35705/document_ktp_pemilik_sarana.jpeg | M150: pending | O150: Toko Obat Aneka Jaya | P150: anekajayamartoloyo@gmail.com | Q150: document_npwp | R150: /legal_documents/company/2591/document_npwp.png | T150: pending | AJ150: RSU Bina Kasih Pekanbaru | AK150: novriitobing@gmail.com | AL150: document_sipa_sika_apoteker | AM150: /legal_documents/company/4252/document_sipa_sika_apoteker.jpg | AN150: 46371 | AO150: pending | AQ150: Apotek Berkah Abadi Medika | AR150: apotekberkahabadimedika@gmail.com | AS150: document_siup | AT150: /legal_documents/company/4255/document_siup.pdf | AU150: 45189 | AV150: pending | AX150: Apotek Thole | AY150: apotekthole@gmail.com | AZ150: document_stra_apoteker | BA150: /legal_documents/company/4262/document_stra_apoteker.jpeg | BB150: 46001 | BC150: pending | BL150: Apotek Selayang | BM150: jayaole678@gmail.com | BN150: document_surat_izin_apotek | BO150: /legal_documents/company/4190/document_surat_izin_apotek.jpeg | BP150: 45636 | BQ150: pending
A151: Apotek Bhakti | B151: istyayuli59@gmail.com | C151: document_foto_lokasi_bagunan_fisik | D151: /legal_documents/company/2741/document_foto_lokasi_bagunan_fisik.jpeg | F151: pending | H151: PT Malino Citra Medika | I151: cs.malinocitramedika@gmail.com | J151: document_ktp_pemilik_sarana | K151: /legal_documents/company/35706/document_ktp_pemilik_sarana.jpeg | M151: pending | O151: Apotek Mediva | P151: medivaapotek@gmail.com | Q151: document_npwp | R151: /legal_documents/company/4263/document_npwp.jpg | T151: pending | AJ151: Apotek Jaya Farma Padang | AK151: apotikjayafarmapdg@gmail.com | AL151: document_sipa_sika_apoteker | AM151: /legal_documents/company/4249/document_sipa_sika_apoteker.pdf | AN151: 46063 | AO151: pending | AQ151: Apotek Jaya Farma Padang | AR151: apotikjayafarmapdg@gmail.com | AS151: document_siup | AT151: /legal_documents/company/4249/document_siup.pdf | AU151: 46063 | AV151: pending | AX151: Apotek Mediva | AY151: medivaapotek@gmail.com | AZ151: document_stra_apoteker | BA151: /legal_documents/company/4263/document_stra_apoteker.jpg | BC151: pending | BL151: Apotek Sejati Prima | BM151: apotek.sejatiprima@gmail.com | BN151: document_surat_izin_apotek | BO151: /legal_documents/company/4297/document_surat_izin_apotek.pdf | BP151: 46188 | BQ151: pending
A152: Apotek Villy Farma | B152: sdebypakpahan@gmail.com | C152: document_foto_lokasi_bagunan_fisik | D152: /legal_documents/company/3710/document_foto_lokasi_bagunan_fisik.jpeg | F152: pending | O152: Rumah Sakit An-Nisa | P152: annisars.tgr@gmail.com | Q152: document_npwp | R152: /legal_documents/company/4259/document_npwp.jpeg | T152: pending | AJ152: Apotek Mediva | AK152: medivaapotek@gmail.com | AL152: document_sipa_sika_apoteker | AM152: /legal_documents/company/4263/document_sipa_sika_apoteker.jpg | AO152: pending | AQ152: Rumah Sakit An-Nisa | AR152: annisars.tgr@gmail.com | AS152: document_siup | AT152: /legal_documents/company/4259/document_siup.jpeg | AU152: 45872 | AV152: pending | AX152: Rumah Sakit An-Nisa | AY152: annisars.tgr@gmail.com | AZ152: document_stra_apoteker | BA152: /legal_documents/company/4259/document_stra_apoteker.jpeg | BB152: 45291 | BC152: pending | BL152: Apotek Naf-Sya FARMA | BM152: armi1709@gmail.com | BN152: document_surat_izin_apotek | BO152: /legal_documents/company/4302/document_surat_izin_apotek.pdf | BP152: 46647 | BQ152: pending
A153: PT. Omega Medika Gemilang | B153: omegamedikagemilang123@gmail.com | C153: document_foto_lokasi_bagunan_fisik | D153: /legal_documents/company/2212/document_foto_lokasi_bagunan_fisik.jpeg | F153: pending | O153: Apotek Syanala | P153: apoteksyanalanegara@gmail.com | Q153: document_npwp | R153: /legal_documents/company/4261/document_npwp.jpeg | T153: pending | AJ153: Rumah Sakit An-Nisa | AK153: annisars.tgr@gmail.com | AL153: document_sipa_sika_apoteker | AM153: /legal_documents/company/4259/document_sipa_sika_apoteker.jpeg | AN153: 45291 | AO153: pending | AQ153: Apotek Syanala | AR153: apoteksyanalanegara@gmail.com | AS153: document_siup | AT153: /legal_documents/company/4261/document_siup.jpeg | AU153: 46057 | AV153: pending | AX153: Apotek Syanala | AY153: apoteksyanalanegara@gmail.com | AZ153: document_stra_apoteker | BA153: /legal_documents/company/4261/document_stra_apoteker.jpeg | BB153: 46057 | BC153: pending | BL153: Apotek Prribadi | BM153: apotek.pribadislk@gmail.com | BN153: document_surat_izin_apotek | BO153: /legal_documents/company/4303/document_surat_izin_apotek.pdf | BP153: 46351 | BQ153: pending
A154: Apotek Papua Jaya Farma | B154: anggraeninia5670@gmail.com | C154: document_foto_lokasi_bagunan_fisik | D154: /legal_documents/company/3715/document_foto_lokasi_bagunan_fisik.jpeg | F154: pending | O154: Rumah Sakit BIMC Kuta | P154: rsbimckuta@gmail.com | Q154: document_npwp | R154: /legal_documents/company/4230/document_npwp.jpg | T154: pending | AJ154: Apotek Syanala | AK154: apoteksyanalanegara@gmail.com | AL154: document_sipa_sika_apoteker | AM154: /legal_documents/company/4261/document_sipa_sika_apoteker.jpeg | AN154: 46059 | AO154: pending | AQ154: Rumah Sakit BIMC Kuta | AR154: rsbimckuta@gmail.com | AS154: document_siup | AT154: /legal_documents/company/4230/document_siup.pdf | AU154: 45046 | AV154: pending | AX154: Rumah Sakit BIMC Kuta | AY154: rsbimckuta@gmail.com | AZ154: document_stra_apoteker | BA154: /legal_documents/company/4230/document_stra_apoteker.jpeg | BB154: 46375 | BC154: pending | BL154: Apotek Tursina Bahagia | BM154: dyahanjarwati835@gmail.com | BN154: document_surat_izin_apotek | BO154: /legal_documents/company/4308/document_surat_izin_apotek.jpeg | BP154: 46180 | BQ154: pending
A155: Apotek Guci Mas | B155: candragucimas@gmail.com | C155: document_foto_lokasi_bagunan_fisik | D155: /legal_documents/company/5044/document_foto_lokasi_bagunan_fisik.jpeg | F155: pending | O155: Apotek Anugerah Ayani | P155: anugerahayani@gmail.com | Q155: document_npwp | R155: /legal_documents/company/4264/document_npwp.jpeg | T155: pending | AJ155: Rumah Sakit BIMC Kuta | AK155: rsbimckuta@gmail.com | AL155: document_sipa_sika_apoteker | AM155: /legal_documents/company/4230/document_sipa_sika_apoteker.jpg | AN155: 46375 | AO155: pending | AQ155: Apotek Mustaqim Jaya | AR155: aptmustaqimjaya@gmail.com | AS155: document_siup | AT155: /legal_documents/company/4266/document_siup.pdf | AU155: 48579 | AV155: pending | AX155: Apotek Mustaqim Jaya | AY155: aptmustaqimjaya@gmail.com | AZ155: document_stra_apoteker | BA155: /legal_documents/company/4266/document_stra_apoteker.pdf | BB155: 45914 | BC155: pending | BL155: Apotek Ika Farma | BM155: felywisanto@gmail.com | BN155: document_surat_izin_apotek | BO155: /legal_documents/company/3867/document_surat_izin_apotek.pdf | BP155: 45936 | BQ155: pending
A156: Apotek K-24 Abepura | B156: k24.abepura@gmail.com | C156: document_foto_lokasi_bagunan_fisik | D156: /legal_documents/company/5046/document_foto_lokasi_bagunan_fisik.jpeg | F156: pending | O156: Apotek Mustaqim Jaya | P156: aptmustaqimjaya@gmail.com | Q156: document_npwp | R156: /legal_documents/company/4266/document_npwp.pdf | T156: pending | AJ156: Apotek Anugerah Ayani | AK156: anugerahayani@gmail.com | AL156: document_sipa_sika_apoteker | AM156: /legal_documents/company/4264/document_sipa_sika_apoteker.jpeg | AN156: 46553 | AO156: pending | AQ156: Apotek Mulia Psry | AR156: aptmuliapsry@gmail.com | AS156: document_siup | AT156: /legal_documents/company/4267/document_siup.pdf | AU156: 48579 | AV156: pending | AX156: Apotek Mulia Psry | AY156: aptmuliapsry@gmail.com | AZ156: document_stra_apoteker | BA156: /legal_documents/company/4267/document_stra_apoteker.pdf | BB156: 45752 | BC156: pending | BL156: PT Karunia Mitra Distribusi | BM156: ptkaruniamitradistribusimb1@gmail.com | BN156: document_surat_izin_pbf | BO156: /legal_documents/company/3998/document_surat_izin_pbf.pdf | BP156: 45801 | BQ156: pending
A157: Rumah Sakit MH Tamrin Cileungsi | B157: rsmhtamrincileungsi@gmail.com | C157: document_foto_lokasi_bagunan_fisik | D157: /legal_documents/company/2147/document_foto_lokasi_bagunan_fisik.pdf | F157: pending | O157: Apotek Mulia Psry | P157: aptmuliapsry@gmail.com | Q157: document_npwp | R157: /legal_documents/company/4267/document_npwp.pdf | T157: pending | AJ157: Apotek Mustaqim Jaya | AK157: aptmustaqimjaya@gmail.com | AL157: document_sipa_sika_apoteker | AM157: /legal_documents/company/4266/document_sipa_sika_apoteker.pdf | AN157: 45914 | AO157: pending | AQ157: Apotek Semoga Jaya | AR157: aptsemogajaya@gmail.com | AS157: document_siup | AT157: /legal_documents/company/4256/document_siup.pdf | AU157: 48579 | AV157: pending | AX157: Apotek Semoga Jaya | AY157: aptsemogajaya@gmail.com | AZ157: document_stra_apoteker | BA157: /legal_documents/company/4256/document_stra_apoteker.pdf | BB157: 45811 | BC157: pending | BL157: Apotek Risa Farma | BM157: aptrisafarmasolsel@gmail.com | BN157: document_surat_izin_apotek | BO157: /legal_documents/company/4315/document_surat_izin_apotek.jpg | BP157: 45103 | BQ157: pending
A158: Apotek Roste | B158: rostepayakumbuh@gmail.com | C158: document_foto_lokasi_bagunan_fisik | D158: /legal_documents/company/3890/document_foto_lokasi_bagunan_fisik.jpeg | F158: pending | O158: Apotek Semoga Jaya | P158: aptsemogajaya@gmail.com | Q158: document_npwp | R158: /legal_documents/company/4256/document_npwp.pdf | T158: pending | AJ158: Apotek Mulia Psry | AK158: aptmuliapsry@gmail.com | AL158: document_sipa_sika_apoteker | AM158: /legal_documents/company/4267/document_sipa_sika_apoteker.pdf | AN158: 45752 | AO158: pending | AQ158: Apotek Rakyat Sehat | AR158: erick.cantona13013@gmail.com | AS158: document_siup | AT158: /legal_documents/company/4270/document_siup.pdf | AU158: 46597 | AV158: pending | AX158: PT. KA DUA EMPAT | AY158: ibrahimmalik504@gmail.com | AZ158: document_stra_apoteker | BA158: /legal_documents/company/4268/document_stra_apoteker.pdf | BB158: 46736 | BC158: pending | BL158: Apotek Budi Darma | BM158: budidarmaapotek@gmail.com | BN158: document_surat_izin_apotek | BO158: /legal_documents/company/4275/document_surat_izin_apotek.jpeg | BP158: 46106 | BQ158: pending
A159: PT. Perintis Bukit Farma | B159: fadhilla.fi8@gmail.com | C159: document_foto_lokasi_bagunan_fisik | D159: /legal_documents/company/3493/document_foto_lokasi_bagunan_fisik.pdf | F159: pending | O159: PT. KA DUA EMPAT | P159: ibrahimmalik504@gmail.com | Q159: document_npwp | R159: /legal_documents/company/4268/document_npwp.pdf | T159: pending | AJ159: Apotek Semoga Jaya | AK159: aptsemogajaya@gmail.com | AL159: document_sipa_sika_apoteker | AM159: /legal_documents/company/4256/document_sipa_sika_apoteker.pdf | AN159: 45811 | AO159: pending | AQ159: Apotek SEGAR | AR159: apoteksegar48@gmail.com | AS159: document_siup | AT159: /legal_documents/company/4272/document_siup.jpg | AU159: 47848 | AV159: pending | AX159: Apotek Rakyat Sehat | AY159: erick.cantona13013@gmail.com | AZ159: document_stra_apoteker | BA159: /legal_documents/company/4270/document_stra_apoteker.pdf | BB159: 45672 | BC159: pending | BL159: Apotek Phalma Agung | BM159: phalmaagung18@gmail.com | BN159: document_surat_izin_apotek | BO159: /legal_documents/company/4314/document_surat_izin_apotek.jpeg | BP159: 46007 | BQ159: pending
A160: Rumah Sakit Ibnu Sina (B) Payakumbuh | B160: rsyarsipayakumbuh@gmail.com | C160: document_foto_lokasi_bagunan_fisik | D160: /legal_documents/company/4980/document_foto_lokasi_bagunan_fisik.pdf | F160: pending | O160: Apotek Rakyat Sehat | P160: erick.cantona13013@gmail.com | Q160: document_npwp | R160: /legal_documents/company/4270/document_npwp.jpg | T160: pending | AJ160: PT. KA DUA EMPAT | AK160: ibrahimmalik504@gmail.com | AL160: document_sipa_sika_apoteker | AM160: /legal_documents/company/4268/document_sipa_sika_apoteker.pdf | AN160: 46736 | AO160: pending | AQ160: Apotek Napa Farma Payakumbuh | AR160: aptnapafarmapyk@gmail.com | AS160: document_siup | AT160: /legal_documents/company/4216/document_siup.jpg | AU160: 46078 | AV160: pending | AX160: Apotek SEGAR | AY160: apoteksegar48@gmail.com | AZ160: document_stra_apoteker | BA160: /legal_documents/company/4272/document_stra_apoteker.jpg | BB160: 46035 | BC160: pending | BL160: Apotek K-24 Sudirman | BM160: liacute1984@gmail.com | BN160: document_surat_izin_apotek | BO160: /legal_documents/company/4281/document_surat_izin_apotek.pdf | BP160: 46147 | BQ160: pending
A161: PT. Bintang Timur Husada | B161: pt.bthpapua@gmail.com | C161: document_foto_lokasi_bagunan_fisik | D161: /legal_documents/company/5050/document_foto_lokasi_bagunan_fisik.pdf | F161: pending | O161: Apotek SEGAR | P161: apoteksegar48@gmail.com | Q161: document_npwp | R161: /legal_documents/company/4272/document_npwp.jpg | T161: pending | AJ161: Apotek Rakyat Sehat | AK161: erick.cantona13013@gmail.com | AL161: document_sipa_sika_apoteker | AM161: /legal_documents/company/4270/document_sipa_sika_apoteker.pdf | AN161: 45672 | AO161: pending | AQ161: PT. KA DUA EMPAT | AR161: ibrahimmalik504@gmail.com | AS161: document_siup | AT161: /legal_documents/company/4268/document_siup.pdf | AU161: 46736 | AV161: pending | AX161: Apotek Napa Farma Payakumbuh | AY161: aptnapafarmapyk@gmail.com | AZ161: document_stra_apoteker | BA161: /legal_documents/company/4216/document_stra_apoteker.jpg | BB161: 46078 | BC161: pending | BL161: Apotek Kimia Farma 49 | BM161: kimiafarmakf49@gmail.com | BN161: document_surat_izin_apotek | BO161: /legal_documents/company/4313/document_surat_izin_apotek.pdf | BP161: 45604 | BQ161: pending
A162: Apotek Kemayoran Bangkalan | B162: dayuwanti5@gmail.com | C162: document_foto_lokasi_bagunan_fisik | D162: /legal_documents/company/4678/document_foto_lokasi_bagunan_fisik.jpg | F162: pending | O162: Apotek Napa Farma Payakumbuh | P162: aptnapafarmapyk@gmail.com | Q162: document_npwp | R162: /legal_documents/company/4216/document_npwp.pdf | T162: pending | AJ162: Apotek SEGAR | AK162: apoteksegar48@gmail.com | AL162: document_sipa_sika_apoteker | AM162: /legal_documents/company/4272/document_sipa_sika_apoteker.jpg | AN162: 46035 | AO162: pending | AQ162: Apotek Kimia Farma A.Yani | AR162: apotikkimiafarmaayani@gmail.com | AS162: document_siup | AT162: /legal_documents/company/4213/document_siup.pdf | AU162: 45593 | AV162: pending | AX162: Apotek Kimia Farma A.Yani | AY162: apotikkimiafarmaayani@gmail.com | AZ162: document_stra_apoteker | BA162: /legal_documents/company/4213/document_stra_apoteker.pdf | BB162: 45593 | BC162: pending | BL162: Apotek Ilham | BM162: apt.ilham@gmail.com | BN162: document_surat_izin_apotek | BO162: /legal_documents/company/1463/document_surat_izin_apotek.jpeg | BP162: 46371 | BQ162: pending
A163: PT. Sakyo Putra Pratama | B163: putrasakyo@gmail.com | C163: document_foto_lokasi_bagunan_fisik | D163: /legal_documents/company/1964/document_foto_lokasi_bagunan_fisik.jpeg | F163: pending | O163: Apotek Kimia Farma A.Yani | P163: apotikkimiafarmaayani@gmail.com | Q163: document_npwp | R163: /legal_documents/company/4213/document_npwp.pdf | T163: pending | AJ163: Apotek Napa Farma Payakumbuh | AK163: aptnapafarmapyk@gmail.com | AL163: document_sipa_sika_apoteker | AM163: /legal_documents/company/4216/document_sipa_sika_apoteker.jpg | AN163: 46078 | AO163: pending | AQ163: Apotek Dewi Setya Farma | AR163: aptdewisetya@gmail.com | AS163: document_siup | AT163: /legal_documents/company/4278/document_siup.jpeg | AU163: 45355 | AV163: pending | AX163: Apotek Dewi Setya Farma | AY163: aptdewisetya@gmail.com | AZ163: document_stra_apoteker | BA163: /legal_documents/company/4278/document_stra_apoteker.jpeg | BB163: 45967 | BC163: pending | BL163: Apotek Rapha | BM163: aptrapharapha@gmail.com | BN163: document_surat_izin_apotek | BO163: /legal_documents/company/4330/document_surat_izin_apotek.jpeg | BP163: 46167 | BQ163: pending
A164: Apotek Trias | B164: trias.medbiz@gmail.com | C164: document_foto_lokasi_bagunan_fisik | D164: /legal_documents/company/2253/document_foto_lokasi_bagunan_fisik.pdf | F164: pending | O164: Apotek Dewi Setya Farma | P164: aptdewisetya@gmail.com | Q164: document_npwp | R164: /legal_documents/company/4278/document_npwp.jpeg | T164: pending | AJ164: Apotek Kimia Farma A.Yani | AK164: apotikkimiafarmaayani@gmail.com | AL164: document_sipa_sika_apoteker | AM164: /legal_documents/company/4213/document_sipa_sika_apoteker.pdf | AN164: 45593 | AO164: pending | AQ164: Apotek K-24 Cunda | AR164: jihanfarah96@gmail.com | AS164: document_siup | AT164: /legal_documents/company/4276/document_siup.pdf | AU164: 46313 | AV164: pending | AX164: Apotek K-24 Cunda | AY164: jihanfarah96@gmail.com | AZ164: document_stra_apoteker | BA164: /legal_documents/company/4276/document_stra_apoteker.pdf | BB164: 46313 | BC164: pending | BL164: Apotek Sari Pdg | BM164: saripadangapotik@gmail.com | BN164: document_surat_izin_apotek | BO164: /legal_documents/company/4327/document_surat_izin_apotek.jpg | BP164: 46146 | BQ164: pending
... A190: APT. CINANGNENG | B190: apotikcinangneng@gmail.com | C190: document_foto_lokasi_bagunan_fisik | D190: /legal_documents/company/1969/document_foto_lokasi_bagunan_fisik.jpeg | F190: pending | O190: RS. PKU Muhammadiyah Cepu | P190: lailiisnamudi@gmail.com | Q190: document_npwp | R190: /legal_documents/company/2289/document_npwp.pdf | T190: pending | AJ190: Apotek Naf-Sya FARMA | AK190: armi1709@gmail.com | AL190: document_sipa_sika_apoteker | AM190: /legal_documents/company/4302/document_sipa_sika_apoteker.pdf | AN190: 46647 | AO190: pending | AQ190: Rumah Sakit QADR | AR190: rumahsakitqadr@gmail.com | AS190: document_siup | AT190: /legal_documents/company/4299/document_siup.pdf | AU190: 46505 | AV190: pending | AX190: Rumah Sakit QADR | AY190: rumahsakitqadr@gmail.com | AZ190: document_stra_apoteker | BA190: /legal_documents/company/4299/document_stra_apoteker.pdf | BB190: 46327 | BC190: pending | BL190: Apotek Ghaza Farma | BM190: ghazaapt@gmail.com | BN190: document_surat_izin_apotek | BO190: /legal_documents/company/4365/document_surat_izin_apotek.jpeg | BP190: 45627 | BQ190: pending
A191: Apotek Deisy | B191: apotek.deisy61@gmail.com | C191: document_foto_lokasi_bagunan_fisik | D191: /legal_documents/company/5106/document_foto_lokasi_bagunan_fisik.pdf | F191: pending | O191: Apotek Prribadi | P191: apotek.pribadislk@gmail.com | Q191: document_npwp | R191: /legal_documents/company/4303/document_npwp.pdf | T191: pending | AJ191: Rumah Sakit QADR | AK191: rumahsakitqadr@gmail.com | AL191: document_sipa_sika_apoteker | AM191: /legal_documents/company/4299/document_sipa_sika_apoteker.jpeg | AN191: 46327 | AO191: pending | AQ191: Apotekku beraban | AR191: ristapratiwi16@gmail.com | AS191: document_siup | AT191: /legal_documents/company/4028/document_siup.jpg | AV191: pending | AX191: Apotek Naf-Sya FARMA | AY191: armi1709@gmail.com | AZ191: document_stra_apoteker | BA191: /legal_documents/company/4302/document_stra_apoteker.pdf | BB191: 46647 | BC191: pending | BL191: Apotek Ananta | BM191: maulidasyahra88@gmail.com | BN191: document_surat_izin_apotek | BO191: /legal_documents/company/4364/document_surat_izin_apotek.pdf | BP191: 45959 | BQ191: pending
A192: RSIA TRIMITRA | B192: rsiatrimitra@gmail.com | C192: document_foto_lokasi_bagunan_fisik | D192: /legal_documents/company/2201/document_foto_lokasi_bagunan_fisik.pdf | F192: pending | O192: Apotek Tursina Bahagia | P192: dyahanjarwati835@gmail.com | Q192: document_npwp | R192: /legal_documents/company/4308/document_npwp.jpeg | T192: pending | AJ192: Rumah Sakit Avicenna | AK192: susi.susanti2208@gmail.com | AL192: document_sipa_sika_apoteker | AM192: /legal_documents/company/3253/document_sipa_sika_apoteker.pdf | AN192: 46256 | AO192: pending | AQ192: Apotek Naf-Sya FARMA | AR192: armi1709@gmail.com | AS192: document_siup | AT192: /legal_documents/company/4302/document_siup.pdf | AU192: 46647 | AV192: pending | AX192: Rumah Sakit Avicenna | AY192: susi.susanti2208@gmail.com | AZ192: document_stra_apoteker | BA192: /legal_documents/company/3253/document_stra_apoteker.pdf | BB192: 46256 | BC192: pending | BL192: APT. MITRA SEHAT 1 | BM192: mitrasehat852@gmail.com | BN192: document_surat_izin_apotek | BO192: /legal_documents/company/4367/document_surat_izin_apotek.jpg | BP192: 45767 | BQ192: pending
...
